"region_code","year","species","value"
"CA1",2006,"JACK MACKEREL - PACIFIC COAST",1.5
"CA2",2006,"JACK MACKEREL - PACIFIC COAST",1.5
"CA3",2006,"JACK MACKEREL - PACIFIC COAST",1.5
"OR",2006,"JACK MACKEREL - PACIFIC COAST",1.5
"WA",2006,"JACK MACKEREL - PACIFIC COAST",1.5
"CA1",2007,"JACK MACKEREL - PACIFIC COAST",1.5
"CA2",2007,"JACK MACKEREL - PACIFIC COAST",1.5
"CA3",2007,"JACK MACKEREL - PACIFIC COAST",1.5
"OR",2007,"JACK MACKEREL - PACIFIC COAST",1.5
"WA",2007,"JACK MACKEREL - PACIFIC COAST",1.5
"CA1",2008,"JACK MACKEREL - PACIFIC COAST",1.5
"CA2",2008,"JACK MACKEREL - PACIFIC COAST",1.5
"CA3",2008,"JACK MACKEREL - PACIFIC COAST",1.5
"OR",2008,"JACK MACKEREL - PACIFIC COAST",1.5
"WA",2008,"JACK MACKEREL - PACIFIC COAST",1.5
"CA1",2009,"JACK MACKEREL - PACIFIC COAST",1.5
"CA2",2009,"JACK MACKEREL - PACIFIC COAST",1.5
"CA3",2009,"JACK MACKEREL - PACIFIC COAST",1.5
"OR",2009,"JACK MACKEREL - PACIFIC COAST",1.5
"WA",2009,"JACK MACKEREL - PACIFIC COAST",1.5
"CA1",2010,"JACK MACKEREL - PACIFIC COAST",1.5
"CA2",2010,"JACK MACKEREL - PACIFIC COAST",1.5
"CA3",2010,"JACK MACKEREL - PACIFIC COAST",1.5
"OR",2010,"JACK MACKEREL - PACIFIC COAST",1.5
"WA",2010,"JACK MACKEREL - PACIFIC COAST",1.5
"CA1",2011,"JACK MACKEREL - PACIFIC COAST",1.5
"CA2",2011,"JACK MACKEREL - PACIFIC COAST",1.5
"CA3",2011,"JACK MACKEREL - PACIFIC COAST",1.5
"OR",2011,"JACK MACKEREL - PACIFIC COAST",1.5
"WA",2011,"JACK MACKEREL - PACIFIC COAST",1.5
"CA1",2006,"NORTHERN ANCHOVY - NORTHERN PACIFIC COAST",0
"CA2",2006,"NORTHERN ANCHOVY - NORTHERN PACIFIC COAST",0
"CA3",2006,"NORTHERN ANCHOVY - NORTHERN PACIFIC COAST",
"OR",2006,"NORTHERN ANCHOVY - NORTHERN PACIFIC COAST",0
"WA",2006,"NORTHERN ANCHOVY - NORTHERN PACIFIC COAST",0
"CA1",2007,"NORTHERN ANCHOVY - NORTHERN PACIFIC COAST",0
"CA2",2007,"NORTHERN ANCHOVY - NORTHERN PACIFIC COAST",0
"CA3",2007,"NORTHERN ANCHOVY - NORTHERN PACIFIC COAST",
"OR",2007,"NORTHERN ANCHOVY - NORTHERN PACIFIC COAST",0
"WA",2007,"NORTHERN ANCHOVY - NORTHERN PACIFIC COAST",0
"CA1",2008,"NORTHERN ANCHOVY - NORTHERN PACIFIC COAST",0
"CA2",2008,"NORTHERN ANCHOVY - NORTHERN PACIFIC COAST",0
"CA3",2008,"NORTHERN ANCHOVY - NORTHERN PACIFIC COAST",
"OR",2008,"NORTHERN ANCHOVY - NORTHERN PACIFIC COAST",0
"WA",2008,"NORTHERN ANCHOVY - NORTHERN PACIFIC COAST",0
"CA1",2009,"NORTHERN ANCHOVY - NORTHERN PACIFIC COAST",0
"CA2",2009,"NORTHERN ANCHOVY - NORTHERN PACIFIC COAST",0
"CA3",2009,"NORTHERN ANCHOVY - NORTHERN PACIFIC COAST",
"OR",2009,"NORTHERN ANCHOVY - NORTHERN PACIFIC COAST",0
"WA",2009,"NORTHERN ANCHOVY - NORTHERN PACIFIC COAST",0
"CA1",2010,"NORTHERN ANCHOVY - NORTHERN PACIFIC COAST",0
"CA2",2010,"NORTHERN ANCHOVY - NORTHERN PACIFIC COAST",0
"CA3",2010,"NORTHERN ANCHOVY - NORTHERN PACIFIC COAST",
"OR",2010,"NORTHERN ANCHOVY - NORTHERN PACIFIC COAST",0
"WA",2010,"NORTHERN ANCHOVY - NORTHERN PACIFIC COAST",0
"CA1",2011,"NORTHERN ANCHOVY - NORTHERN PACIFIC COAST",0
"CA2",2011,"NORTHERN ANCHOVY - NORTHERN PACIFIC COAST",0
"CA3",2011,"NORTHERN ANCHOVY - NORTHERN PACIFIC COAST",
"OR",2011,"NORTHERN ANCHOVY - NORTHERN PACIFIC COAST",0
"WA",2011,"NORTHERN ANCHOVY - NORTHERN PACIFIC COAST",0
"CA1",2006,"NORTHERN ANCHOVY - SOUTHERN PACIFIC COAST",
"CA2",2006,"NORTHERN ANCHOVY - SOUTHERN PACIFIC COAST",
"CA3",2006,"NORTHERN ANCHOVY - SOUTHERN PACIFIC COAST",1.5
"OR",2006,"NORTHERN ANCHOVY - SOUTHERN PACIFIC COAST",
"WA",2006,"NORTHERN ANCHOVY - SOUTHERN PACIFIC COAST",
"CA1",2007,"NORTHERN ANCHOVY - SOUTHERN PACIFIC COAST",
"CA2",2007,"NORTHERN ANCHOVY - SOUTHERN PACIFIC COAST",
"CA3",2007,"NORTHERN ANCHOVY - SOUTHERN PACIFIC COAST",1.5
"OR",2007,"NORTHERN ANCHOVY - SOUTHERN PACIFIC COAST",
"WA",2007,"NORTHERN ANCHOVY - SOUTHERN PACIFIC COAST",
"CA1",2008,"NORTHERN ANCHOVY - SOUTHERN PACIFIC COAST",
"CA2",2008,"NORTHERN ANCHOVY - SOUTHERN PACIFIC COAST",
"CA3",2008,"NORTHERN ANCHOVY - SOUTHERN PACIFIC COAST",1.5
"OR",2008,"NORTHERN ANCHOVY - SOUTHERN PACIFIC COAST",
"WA",2008,"NORTHERN ANCHOVY - SOUTHERN PACIFIC COAST",
"CA1",2009,"NORTHERN ANCHOVY - SOUTHERN PACIFIC COAST",
"CA2",2009,"NORTHERN ANCHOVY - SOUTHERN PACIFIC COAST",
"CA3",2009,"NORTHERN ANCHOVY - SOUTHERN PACIFIC COAST",1.5
"OR",2009,"NORTHERN ANCHOVY - SOUTHERN PACIFIC COAST",
"WA",2009,"NORTHERN ANCHOVY - SOUTHERN PACIFIC COAST",
"CA1",2010,"NORTHERN ANCHOVY - SOUTHERN PACIFIC COAST",
"CA2",2010,"NORTHERN ANCHOVY - SOUTHERN PACIFIC COAST",
"CA3",2010,"NORTHERN ANCHOVY - SOUTHERN PACIFIC COAST",1.5
"OR",2010,"NORTHERN ANCHOVY - SOUTHERN PACIFIC COAST",
"WA",2010,"NORTHERN ANCHOVY - SOUTHERN PACIFIC COAST",
"CA1",2011,"NORTHERN ANCHOVY - SOUTHERN PACIFIC COAST",
"CA2",2011,"NORTHERN ANCHOVY - SOUTHERN PACIFIC COAST",
"CA3",2011,"NORTHERN ANCHOVY - SOUTHERN PACIFIC COAST",1.5
"OR",2011,"NORTHERN ANCHOVY - SOUTHERN PACIFIC COAST",
"WA",2011,"NORTHERN ANCHOVY - SOUTHERN PACIFIC COAST",
"CA1",2006,"OPALESCENT INSHORE SQUID - PACIFIC COAST",0
"CA2",2006,"OPALESCENT INSHORE SQUID - PACIFIC COAST",0
"CA3",2006,"OPALESCENT INSHORE SQUID - PACIFIC COAST",0
"OR",2006,"OPALESCENT INSHORE SQUID - PACIFIC COAST",0
"WA",2006,"OPALESCENT INSHORE SQUID - PACIFIC COAST",0
"CA1",2007,"OPALESCENT INSHORE SQUID - PACIFIC COAST",0
"CA2",2007,"OPALESCENT INSHORE SQUID - PACIFIC COAST",0
"CA3",2007,"OPALESCENT INSHORE SQUID - PACIFIC COAST",0
"OR",2007,"OPALESCENT INSHORE SQUID - PACIFIC COAST",0
"WA",2007,"OPALESCENT INSHORE SQUID - PACIFIC COAST",0
"CA1",2008,"OPALESCENT INSHORE SQUID - PACIFIC COAST",0
"CA2",2008,"OPALESCENT INSHORE SQUID - PACIFIC COAST",0
"CA3",2008,"OPALESCENT INSHORE SQUID - PACIFIC COAST",0
"OR",2008,"OPALESCENT INSHORE SQUID - PACIFIC COAST",0
"WA",2008,"OPALESCENT INSHORE SQUID - PACIFIC COAST",0
"CA1",2009,"OPALESCENT INSHORE SQUID - PACIFIC COAST",0
"CA2",2009,"OPALESCENT INSHORE SQUID - PACIFIC COAST",0
"CA3",2009,"OPALESCENT INSHORE SQUID - PACIFIC COAST",0
"OR",2009,"OPALESCENT INSHORE SQUID - PACIFIC COAST",0
"WA",2009,"OPALESCENT INSHORE SQUID - PACIFIC COAST",0
"CA1",2010,"OPALESCENT INSHORE SQUID - PACIFIC COAST",0
"CA2",2010,"OPALESCENT INSHORE SQUID - PACIFIC COAST",0
"CA3",2010,"OPALESCENT INSHORE SQUID - PACIFIC COAST",0
"OR",2010,"OPALESCENT INSHORE SQUID - PACIFIC COAST",0
"WA",2010,"OPALESCENT INSHORE SQUID - PACIFIC COAST",0
"CA1",2011,"OPALESCENT INSHORE SQUID - PACIFIC COAST",0
"CA2",2011,"OPALESCENT INSHORE SQUID - PACIFIC COAST",0
"CA3",2011,"OPALESCENT INSHORE SQUID - PACIFIC COAST",0
"OR",2011,"OPALESCENT INSHORE SQUID - PACIFIC COAST",0
"WA",2011,"OPALESCENT INSHORE SQUID - PACIFIC COAST",0
"CA1",2006,"PACIFIC CHUB MACKEREL - PACIFIC COAST",4
"CA2",2006,"PACIFIC CHUB MACKEREL - PACIFIC COAST",4
"CA3",2006,"PACIFIC CHUB MACKEREL - PACIFIC COAST",4
"OR",2006,"PACIFIC CHUB MACKEREL - PACIFIC COAST",4
"WA",2006,"PACIFIC CHUB MACKEREL - PACIFIC COAST",4
"CA1",2007,"PACIFIC CHUB MACKEREL - PACIFIC COAST",4
"CA2",2007,"PACIFIC CHUB MACKEREL - PACIFIC COAST",4
"CA3",2007,"PACIFIC CHUB MACKEREL - PACIFIC COAST",4
"OR",2007,"PACIFIC CHUB MACKEREL - PACIFIC COAST",4
"WA",2007,"PACIFIC CHUB MACKEREL - PACIFIC COAST",4
"CA1",2008,"PACIFIC CHUB MACKEREL - PACIFIC COAST",4
"CA2",2008,"PACIFIC CHUB MACKEREL - PACIFIC COAST",4
"CA3",2008,"PACIFIC CHUB MACKEREL - PACIFIC COAST",4
"OR",2008,"PACIFIC CHUB MACKEREL - PACIFIC COAST",4
"WA",2008,"PACIFIC CHUB MACKEREL - PACIFIC COAST",4
"CA1",2009,"PACIFIC CHUB MACKEREL - PACIFIC COAST",4
"CA2",2009,"PACIFIC CHUB MACKEREL - PACIFIC COAST",4
"CA3",2009,"PACIFIC CHUB MACKEREL - PACIFIC COAST",4
"OR",2009,"PACIFIC CHUB MACKEREL - PACIFIC COAST",4
"WA",2009,"PACIFIC CHUB MACKEREL - PACIFIC COAST",4
"CA1",2010,"PACIFIC CHUB MACKEREL - PACIFIC COAST",4
"CA2",2010,"PACIFIC CHUB MACKEREL - PACIFIC COAST",4
"CA3",2010,"PACIFIC CHUB MACKEREL - PACIFIC COAST",4
"OR",2010,"PACIFIC CHUB MACKEREL - PACIFIC COAST",4
"WA",2010,"PACIFIC CHUB MACKEREL - PACIFIC COAST",4
"CA1",2011,"PACIFIC CHUB MACKEREL - PACIFIC COAST",4
"CA2",2011,"PACIFIC CHUB MACKEREL - PACIFIC COAST",4
"CA3",2011,"PACIFIC CHUB MACKEREL - PACIFIC COAST",4
"OR",2011,"PACIFIC CHUB MACKEREL - PACIFIC COAST",4
"WA",2011,"PACIFIC CHUB MACKEREL - PACIFIC COAST",4
"CA1",2006,"PACIFIC SARDINE - PACIFIC COAST",4
"CA2",2006,"PACIFIC SARDINE - PACIFIC COAST",4
"CA3",2006,"PACIFIC SARDINE - PACIFIC COAST",4
"OR",2006,"PACIFIC SARDINE - PACIFIC COAST",4
"WA",2006,"PACIFIC SARDINE - PACIFIC COAST",4
"CA1",2007,"PACIFIC SARDINE - PACIFIC COAST",4
"CA2",2007,"PACIFIC SARDINE - PACIFIC COAST",4
"CA3",2007,"PACIFIC SARDINE - PACIFIC COAST",4
"OR",2007,"PACIFIC SARDINE - PACIFIC COAST",4
"WA",2007,"PACIFIC SARDINE - PACIFIC COAST",4
"CA1",2008,"PACIFIC SARDINE - PACIFIC COAST",4
"CA2",2008,"PACIFIC SARDINE - PACIFIC COAST",4
"CA3",2008,"PACIFIC SARDINE - PACIFIC COAST",4
"OR",2008,"PACIFIC SARDINE - PACIFIC COAST",4
"WA",2008,"PACIFIC SARDINE - PACIFIC COAST",4
"CA1",2009,"PACIFIC SARDINE - PACIFIC COAST",4
"CA2",2009,"PACIFIC SARDINE - PACIFIC COAST",4
"CA3",2009,"PACIFIC SARDINE - PACIFIC COAST",4
"OR",2009,"PACIFIC SARDINE - PACIFIC COAST",4
"WA",2009,"PACIFIC SARDINE - PACIFIC COAST",4
"CA1",2010,"PACIFIC SARDINE - PACIFIC COAST",4
"CA2",2010,"PACIFIC SARDINE - PACIFIC COAST",4
"CA3",2010,"PACIFIC SARDINE - PACIFIC COAST",4
"OR",2010,"PACIFIC SARDINE - PACIFIC COAST",4
"WA",2010,"PACIFIC SARDINE - PACIFIC COAST",4
"CA1",2011,"PACIFIC SARDINE - PACIFIC COAST",4
"CA2",2011,"PACIFIC SARDINE - PACIFIC COAST",4
"CA3",2011,"PACIFIC SARDINE - PACIFIC COAST",4
"OR",2011,"PACIFIC SARDINE - PACIFIC COAST",4
"WA",2011,"PACIFIC SARDINE - PACIFIC COAST",4
"CA1",2006,"ARROWTOOTH FLOUNDER - PACIFIC COAST",3
"CA2",2006,"ARROWTOOTH FLOUNDER - PACIFIC COAST",3
"CA3",2006,"ARROWTOOTH FLOUNDER - PACIFIC COAST",3
"OR",2006,"ARROWTOOTH FLOUNDER - PACIFIC COAST",3
"WA",2006,"ARROWTOOTH FLOUNDER - PACIFIC COAST",3
"CA1",2007,"ARROWTOOTH FLOUNDER - PACIFIC COAST",4
"CA2",2007,"ARROWTOOTH FLOUNDER - PACIFIC COAST",4
"CA3",2007,"ARROWTOOTH FLOUNDER - PACIFIC COAST",4
"OR",2007,"ARROWTOOTH FLOUNDER - PACIFIC COAST",4
"WA",2007,"ARROWTOOTH FLOUNDER - PACIFIC COAST",4
"CA1",2008,"ARROWTOOTH FLOUNDER - PACIFIC COAST",4
"CA2",2008,"ARROWTOOTH FLOUNDER - PACIFIC COAST",4
"CA3",2008,"ARROWTOOTH FLOUNDER - PACIFIC COAST",4
"OR",2008,"ARROWTOOTH FLOUNDER - PACIFIC COAST",4
"WA",2008,"ARROWTOOTH FLOUNDER - PACIFIC COAST",4
"CA1",2009,"ARROWTOOTH FLOUNDER - PACIFIC COAST",4
"CA2",2009,"ARROWTOOTH FLOUNDER - PACIFIC COAST",4
"CA3",2009,"ARROWTOOTH FLOUNDER - PACIFIC COAST",4
"OR",2009,"ARROWTOOTH FLOUNDER - PACIFIC COAST",4
"WA",2009,"ARROWTOOTH FLOUNDER - PACIFIC COAST",4
"CA1",2010,"ARROWTOOTH FLOUNDER - PACIFIC COAST",4
"CA2",2010,"ARROWTOOTH FLOUNDER - PACIFIC COAST",4
"CA3",2010,"ARROWTOOTH FLOUNDER - PACIFIC COAST",4
"OR",2010,"ARROWTOOTH FLOUNDER - PACIFIC COAST",4
"WA",2010,"ARROWTOOTH FLOUNDER - PACIFIC COAST",4
"CA1",2011,"ARROWTOOTH FLOUNDER - PACIFIC COAST",4
"CA2",2011,"ARROWTOOTH FLOUNDER - PACIFIC COAST",4
"CA3",2011,"ARROWTOOTH FLOUNDER - PACIFIC COAST",4
"OR",2011,"ARROWTOOTH FLOUNDER - PACIFIC COAST",4
"WA",2011,"ARROWTOOTH FLOUNDER - PACIFIC COAST",4
"CA1",2006,"BANK ROCKFISH - CALIFORNIA",3
"CA2",2006,"BANK ROCKFISH - CALIFORNIA",3
"CA3",2006,"BANK ROCKFISH - CALIFORNIA",3
"OR",2006,"BANK ROCKFISH - CALIFORNIA",
"WA",2006,"BANK ROCKFISH - CALIFORNIA",
"CA1",2007,"BANK ROCKFISH - CALIFORNIA",3
"CA2",2007,"BANK ROCKFISH - CALIFORNIA",3
"CA3",2007,"BANK ROCKFISH - CALIFORNIA",3
"OR",2007,"BANK ROCKFISH - CALIFORNIA",
"WA",2007,"BANK ROCKFISH - CALIFORNIA",
"CA1",2008,"BANK ROCKFISH - CALIFORNIA",3
"CA2",2008,"BANK ROCKFISH - CALIFORNIA",3
"CA3",2008,"BANK ROCKFISH - CALIFORNIA",3
"OR",2008,"BANK ROCKFISH - CALIFORNIA",
"WA",2008,"BANK ROCKFISH - CALIFORNIA",
"CA1",2009,"BANK ROCKFISH - CALIFORNIA",3
"CA2",2009,"BANK ROCKFISH - CALIFORNIA",3
"CA3",2009,"BANK ROCKFISH - CALIFORNIA",3
"OR",2009,"BANK ROCKFISH - CALIFORNIA",
"WA",2009,"BANK ROCKFISH - CALIFORNIA",
"CA1",2010,"BANK ROCKFISH - CALIFORNIA",3
"CA2",2010,"BANK ROCKFISH - CALIFORNIA",3
"CA3",2010,"BANK ROCKFISH - CALIFORNIA",3
"OR",2010,"BANK ROCKFISH - CALIFORNIA",
"WA",2010,"BANK ROCKFISH - CALIFORNIA",
"CA1",2011,"BANK ROCKFISH - CALIFORNIA",1.5
"CA2",2011,"BANK ROCKFISH - CALIFORNIA",1.5
"CA3",2011,"BANK ROCKFISH - CALIFORNIA",1.5
"OR",2011,"BANK ROCKFISH - CALIFORNIA",
"WA",2011,"BANK ROCKFISH - CALIFORNIA",
"CA1",2006,"BLACK ROCKFISH - NORTHERN PACIFIC COAST",
"CA2",2006,"BLACK ROCKFISH - NORTHERN PACIFIC COAST",
"CA3",2006,"BLACK ROCKFISH - NORTHERN PACIFIC COAST",
"OR",2006,"BLACK ROCKFISH - NORTHERN PACIFIC COAST",4
"WA",2006,"BLACK ROCKFISH - NORTHERN PACIFIC COAST",4
"CA1",2007,"BLACK ROCKFISH - NORTHERN PACIFIC COAST",
"CA2",2007,"BLACK ROCKFISH - NORTHERN PACIFIC COAST",
"CA3",2007,"BLACK ROCKFISH - NORTHERN PACIFIC COAST",
"OR",2007,"BLACK ROCKFISH - NORTHERN PACIFIC COAST",4
"WA",2007,"BLACK ROCKFISH - NORTHERN PACIFIC COAST",4
"CA1",2008,"BLACK ROCKFISH - NORTHERN PACIFIC COAST",
"CA2",2008,"BLACK ROCKFISH - NORTHERN PACIFIC COAST",
"CA3",2008,"BLACK ROCKFISH - NORTHERN PACIFIC COAST",
"OR",2008,"BLACK ROCKFISH - NORTHERN PACIFIC COAST",4
"WA",2008,"BLACK ROCKFISH - NORTHERN PACIFIC COAST",4
"CA1",2009,"BLACK ROCKFISH - NORTHERN PACIFIC COAST",
"CA2",2009,"BLACK ROCKFISH - NORTHERN PACIFIC COAST",
"CA3",2009,"BLACK ROCKFISH - NORTHERN PACIFIC COAST",
"OR",2009,"BLACK ROCKFISH - NORTHERN PACIFIC COAST",4
"WA",2009,"BLACK ROCKFISH - NORTHERN PACIFIC COAST",4
"CA1",2010,"BLACK ROCKFISH - NORTHERN PACIFIC COAST",
"CA2",2010,"BLACK ROCKFISH - NORTHERN PACIFIC COAST",
"CA3",2010,"BLACK ROCKFISH - NORTHERN PACIFIC COAST",
"OR",2010,"BLACK ROCKFISH - NORTHERN PACIFIC COAST",4
"WA",2010,"BLACK ROCKFISH - NORTHERN PACIFIC COAST",4
"CA1",2011,"BLACK ROCKFISH - NORTHERN PACIFIC COAST",
"CA2",2011,"BLACK ROCKFISH - NORTHERN PACIFIC COAST",
"CA3",2011,"BLACK ROCKFISH - NORTHERN PACIFIC COAST",
"OR",2011,"BLACK ROCKFISH - NORTHERN PACIFIC COAST",4
"WA",2011,"BLACK ROCKFISH - NORTHERN PACIFIC COAST",4
"CA1",2006,"BLACKGILL ROCKFISH - SOUTHERN CALIFORNIA",
"CA2",2006,"BLACKGILL ROCKFISH - SOUTHERN CALIFORNIA",
"CA3",2006,"BLACKGILL ROCKFISH - SOUTHERN CALIFORNIA",4
"OR",2006,"BLACKGILL ROCKFISH - SOUTHERN CALIFORNIA",
"WA",2006,"BLACKGILL ROCKFISH - SOUTHERN CALIFORNIA",
"CA1",2007,"BLACKGILL ROCKFISH - SOUTHERN CALIFORNIA",
"CA2",2007,"BLACKGILL ROCKFISH - SOUTHERN CALIFORNIA",
"CA3",2007,"BLACKGILL ROCKFISH - SOUTHERN CALIFORNIA",4
"OR",2007,"BLACKGILL ROCKFISH - SOUTHERN CALIFORNIA",
"WA",2007,"BLACKGILL ROCKFISH - SOUTHERN CALIFORNIA",
"CA1",2008,"BLACKGILL ROCKFISH - SOUTHERN CALIFORNIA",
"CA2",2008,"BLACKGILL ROCKFISH - SOUTHERN CALIFORNIA",
"CA3",2008,"BLACKGILL ROCKFISH - SOUTHERN CALIFORNIA",4
"OR",2008,"BLACKGILL ROCKFISH - SOUTHERN CALIFORNIA",
"WA",2008,"BLACKGILL ROCKFISH - SOUTHERN CALIFORNIA",
"CA1",2009,"BLACKGILL ROCKFISH - SOUTHERN CALIFORNIA",
"CA2",2009,"BLACKGILL ROCKFISH - SOUTHERN CALIFORNIA",
"CA3",2009,"BLACKGILL ROCKFISH - SOUTHERN CALIFORNIA",4
"OR",2009,"BLACKGILL ROCKFISH - SOUTHERN CALIFORNIA",
"WA",2009,"BLACKGILL ROCKFISH - SOUTHERN CALIFORNIA",
"CA1",2010,"BLACKGILL ROCKFISH - SOUTHERN CALIFORNIA",
"CA2",2010,"BLACKGILL ROCKFISH - SOUTHERN CALIFORNIA",
"CA3",2010,"BLACKGILL ROCKFISH - SOUTHERN CALIFORNIA",4
"OR",2010,"BLACKGILL ROCKFISH - SOUTHERN CALIFORNIA",
"WA",2010,"BLACKGILL ROCKFISH - SOUTHERN CALIFORNIA",
"CA1",2011,"BLACKGILL ROCKFISH - SOUTHERN CALIFORNIA",
"CA2",2011,"BLACKGILL ROCKFISH - SOUTHERN CALIFORNIA",
"CA3",2011,"BLACKGILL ROCKFISH - SOUTHERN CALIFORNIA",1.5
"OR",2011,"BLACKGILL ROCKFISH - SOUTHERN CALIFORNIA",
"WA",2011,"BLACKGILL ROCKFISH - SOUTHERN CALIFORNIA",
"CA1",2006,"BLUE ROCKFISH - CALIFORNIA",0
"CA2",2006,"BLUE ROCKFISH - CALIFORNIA",0
"CA3",2006,"BLUE ROCKFISH - CALIFORNIA",0
"OR",2006,"BLUE ROCKFISH - CALIFORNIA",
"WA",2006,"BLUE ROCKFISH - CALIFORNIA",
"CA1",2007,"BLUE ROCKFISH - CALIFORNIA",1.5
"CA2",2007,"BLUE ROCKFISH - CALIFORNIA",1.5
"CA3",2007,"BLUE ROCKFISH - CALIFORNIA",1.5
"OR",2007,"BLUE ROCKFISH - CALIFORNIA",
"WA",2007,"BLUE ROCKFISH - CALIFORNIA",
"CA1",2008,"BLUE ROCKFISH - CALIFORNIA",1.5
"CA2",2008,"BLUE ROCKFISH - CALIFORNIA",1.5
"CA3",2008,"BLUE ROCKFISH - CALIFORNIA",1.5
"OR",2008,"BLUE ROCKFISH - CALIFORNIA",
"WA",2008,"BLUE ROCKFISH - CALIFORNIA",
"CA1",2009,"BLUE ROCKFISH - CALIFORNIA",1.5
"CA2",2009,"BLUE ROCKFISH - CALIFORNIA",1.5
"CA3",2009,"BLUE ROCKFISH - CALIFORNIA",1.5
"OR",2009,"BLUE ROCKFISH - CALIFORNIA",
"WA",2009,"BLUE ROCKFISH - CALIFORNIA",
"CA1",2010,"BLUE ROCKFISH - CALIFORNIA",1.5
"CA2",2010,"BLUE ROCKFISH - CALIFORNIA",1.5
"CA3",2010,"BLUE ROCKFISH - CALIFORNIA",1.5
"OR",2010,"BLUE ROCKFISH - CALIFORNIA",
"WA",2010,"BLUE ROCKFISH - CALIFORNIA",
"CA1",2011,"BLUE ROCKFISH - CALIFORNIA",1.5
"CA2",2011,"BLUE ROCKFISH - CALIFORNIA",1.5
"CA3",2011,"BLUE ROCKFISH - CALIFORNIA",1.5
"OR",2011,"BLUE ROCKFISH - CALIFORNIA",
"WA",2011,"BLUE ROCKFISH - CALIFORNIA",
"CA1",2006,"BOCACCIO - SOUTHERN PACIFIC COAST *",2
"CA2",2006,"BOCACCIO - SOUTHERN PACIFIC COAST *",2
"CA3",2006,"BOCACCIO - SOUTHERN PACIFIC COAST *",2
"OR",2006,"BOCACCIO - SOUTHERN PACIFIC COAST *",
"WA",2006,"BOCACCIO - SOUTHERN PACIFIC COAST *",
"CA1",2007,"BOCACCIO - SOUTHERN PACIFIC COAST *",2
"CA2",2007,"BOCACCIO - SOUTHERN PACIFIC COAST *",2
"CA3",2007,"BOCACCIO - SOUTHERN PACIFIC COAST *",2
"OR",2007,"BOCACCIO - SOUTHERN PACIFIC COAST *",
"WA",2007,"BOCACCIO - SOUTHERN PACIFIC COAST *",
"CA1",2008,"BOCACCIO - SOUTHERN PACIFIC COAST *",2
"CA2",2008,"BOCACCIO - SOUTHERN PACIFIC COAST *",2
"CA3",2008,"BOCACCIO - SOUTHERN PACIFIC COAST *",2
"OR",2008,"BOCACCIO - SOUTHERN PACIFIC COAST *",
"WA",2008,"BOCACCIO - SOUTHERN PACIFIC COAST *",
"CA1",2009,"BOCACCIO - SOUTHERN PACIFIC COAST *",3
"CA2",2009,"BOCACCIO - SOUTHERN PACIFIC COAST *",3
"CA3",2009,"BOCACCIO - SOUTHERN PACIFIC COAST *",3
"OR",2009,"BOCACCIO - SOUTHERN PACIFIC COAST *",
"WA",2009,"BOCACCIO - SOUTHERN PACIFIC COAST *",
"CA1",2010,"BOCACCIO - SOUTHERN PACIFIC COAST *",3
"CA2",2010,"BOCACCIO - SOUTHERN PACIFIC COAST *",3
"CA3",2010,"BOCACCIO - SOUTHERN PACIFIC COAST *",3
"OR",2010,"BOCACCIO - SOUTHERN PACIFIC COAST *",
"WA",2010,"BOCACCIO - SOUTHERN PACIFIC COAST *",
"CA1",2011,"BOCACCIO - SOUTHERN PACIFIC COAST *",3
"CA2",2011,"BOCACCIO - SOUTHERN PACIFIC COAST *",3
"CA3",2011,"BOCACCIO - SOUTHERN PACIFIC COAST *",3
"OR",2011,"BOCACCIO - SOUTHERN PACIFIC COAST *",
"WA",2011,"BOCACCIO - SOUTHERN PACIFIC COAST *",
"CA1",2006,"BROWN ROCKFISH - PACIFIC COAST",0
"CA2",2006,"BROWN ROCKFISH - PACIFIC COAST",0
"CA3",2006,"BROWN ROCKFISH - PACIFIC COAST",0
"OR",2006,"BROWN ROCKFISH - PACIFIC COAST",0
"WA",2006,"BROWN ROCKFISH - PACIFIC COAST",0
"CA1",2007,"BROWN ROCKFISH - PACIFIC COAST",0
"CA2",2007,"BROWN ROCKFISH - PACIFIC COAST",0
"CA3",2007,"BROWN ROCKFISH - PACIFIC COAST",0
"OR",2007,"BROWN ROCKFISH - PACIFIC COAST",0
"WA",2007,"BROWN ROCKFISH - PACIFIC COAST",0
"CA1",2008,"BROWN ROCKFISH - PACIFIC COAST",0
"CA2",2008,"BROWN ROCKFISH - PACIFIC COAST",0
"CA3",2008,"BROWN ROCKFISH - PACIFIC COAST",0
"OR",2008,"BROWN ROCKFISH - PACIFIC COAST",0
"WA",2008,"BROWN ROCKFISH - PACIFIC COAST",0
"CA1",2009,"BROWN ROCKFISH - PACIFIC COAST",0
"CA2",2009,"BROWN ROCKFISH - PACIFIC COAST",0
"CA3",2009,"BROWN ROCKFISH - PACIFIC COAST",0
"OR",2009,"BROWN ROCKFISH - PACIFIC COAST",0
"WA",2009,"BROWN ROCKFISH - PACIFIC COAST",0
"CA1",2010,"BROWN ROCKFISH - PACIFIC COAST",0
"CA2",2010,"BROWN ROCKFISH - PACIFIC COAST",0
"CA3",2010,"BROWN ROCKFISH - PACIFIC COAST",0
"OR",2010,"BROWN ROCKFISH - PACIFIC COAST",0
"WA",2010,"BROWN ROCKFISH - PACIFIC COAST",0
"CA1",2011,"BROWN ROCKFISH - PACIFIC COAST",0
"CA2",2011,"BROWN ROCKFISH - PACIFIC COAST",0
"CA3",2011,"BROWN ROCKFISH - PACIFIC COAST",0
"OR",2011,"BROWN ROCKFISH - PACIFIC COAST",0
"WA",2011,"BROWN ROCKFISH - PACIFIC COAST",0
"CA1",2006,"CABEZON - CALIFORNIA",4
"CA2",2006,"CABEZON - CALIFORNIA",4
"CA3",2006,"CABEZON - CALIFORNIA",4
"OR",2006,"CABEZON - CALIFORNIA",
"WA",2006,"CABEZON - CALIFORNIA",
"CA1",2007,"CABEZON - CALIFORNIA",4
"CA2",2007,"CABEZON - CALIFORNIA",4
"CA3",2007,"CABEZON - CALIFORNIA",4
"OR",2007,"CABEZON - CALIFORNIA",
"WA",2007,"CABEZON - CALIFORNIA",
"CA1",2008,"CABEZON - CALIFORNIA",4
"CA2",2008,"CABEZON - CALIFORNIA",4
"CA3",2008,"CABEZON - CALIFORNIA",4
"OR",2008,"CABEZON - CALIFORNIA",
"WA",2008,"CABEZON - CALIFORNIA",
"CA1",2009,"CABEZON - CALIFORNIA",4
"CA2",2009,"CABEZON - CALIFORNIA",4
"CA3",2009,"CABEZON - CALIFORNIA",4
"OR",2009,"CABEZON - CALIFORNIA",
"WA",2009,"CABEZON - CALIFORNIA",
"CA1",2010,"CABEZON - CALIFORNIA",4
"CA2",2010,"CABEZON - CALIFORNIA",4
"CA3",2010,"CABEZON - CALIFORNIA",4
"OR",2010,"CABEZON - CALIFORNIA",
"WA",2010,"CABEZON - CALIFORNIA",
"CA1",2011,"CABEZON - CALIFORNIA",4
"CA2",2011,"CABEZON - CALIFORNIA",4
"CA3",2011,"CABEZON - CALIFORNIA",4
"OR",2011,"CABEZON - CALIFORNIA",
"WA",2011,"CABEZON - CALIFORNIA",
"CA1",2006,"CALIFORNIA SCORPIONFISH - SOUTHERN CALIFORNIA",
"CA2",2006,"CALIFORNIA SCORPIONFISH - SOUTHERN CALIFORNIA",
"CA3",2006,"CALIFORNIA SCORPIONFISH - SOUTHERN CALIFORNIA",2.5
"OR",2006,"CALIFORNIA SCORPIONFISH - SOUTHERN CALIFORNIA",
"WA",2006,"CALIFORNIA SCORPIONFISH - SOUTHERN CALIFORNIA",
"CA1",2007,"CALIFORNIA SCORPIONFISH - SOUTHERN CALIFORNIA",
"CA2",2007,"CALIFORNIA SCORPIONFISH - SOUTHERN CALIFORNIA",
"CA3",2007,"CALIFORNIA SCORPIONFISH - SOUTHERN CALIFORNIA",2.5
"OR",2007,"CALIFORNIA SCORPIONFISH - SOUTHERN CALIFORNIA",
"WA",2007,"CALIFORNIA SCORPIONFISH - SOUTHERN CALIFORNIA",
"CA1",2008,"CALIFORNIA SCORPIONFISH - SOUTHERN CALIFORNIA",
"CA2",2008,"CALIFORNIA SCORPIONFISH - SOUTHERN CALIFORNIA",
"CA3",2008,"CALIFORNIA SCORPIONFISH - SOUTHERN CALIFORNIA",4
"OR",2008,"CALIFORNIA SCORPIONFISH - SOUTHERN CALIFORNIA",
"WA",2008,"CALIFORNIA SCORPIONFISH - SOUTHERN CALIFORNIA",
"CA1",2009,"CALIFORNIA SCORPIONFISH - SOUTHERN CALIFORNIA",
"CA2",2009,"CALIFORNIA SCORPIONFISH - SOUTHERN CALIFORNIA",
"CA3",2009,"CALIFORNIA SCORPIONFISH - SOUTHERN CALIFORNIA",4
"OR",2009,"CALIFORNIA SCORPIONFISH - SOUTHERN CALIFORNIA",
"WA",2009,"CALIFORNIA SCORPIONFISH - SOUTHERN CALIFORNIA",
"CA1",2010,"CALIFORNIA SCORPIONFISH - SOUTHERN CALIFORNIA",
"CA2",2010,"CALIFORNIA SCORPIONFISH - SOUTHERN CALIFORNIA",
"CA3",2010,"CALIFORNIA SCORPIONFISH - SOUTHERN CALIFORNIA",4
"OR",2010,"CALIFORNIA SCORPIONFISH - SOUTHERN CALIFORNIA",
"WA",2010,"CALIFORNIA SCORPIONFISH - SOUTHERN CALIFORNIA",
"CA1",2011,"CALIFORNIA SCORPIONFISH - SOUTHERN CALIFORNIA",
"CA2",2011,"CALIFORNIA SCORPIONFISH - SOUTHERN CALIFORNIA",
"CA3",2011,"CALIFORNIA SCORPIONFISH - SOUTHERN CALIFORNIA",4
"OR",2011,"CALIFORNIA SCORPIONFISH - SOUTHERN CALIFORNIA",
"WA",2011,"CALIFORNIA SCORPIONFISH - SOUTHERN CALIFORNIA",
"CA1",2006,"CANARY ROCKFISH - PACIFIC COAST *",2
"CA2",2006,"CANARY ROCKFISH - PACIFIC COAST *",2
"CA3",2006,"CANARY ROCKFISH - PACIFIC COAST *",2
"OR",2006,"CANARY ROCKFISH - PACIFIC COAST *",2
"WA",2006,"CANARY ROCKFISH - PACIFIC COAST *",2
"CA1",2007,"CANARY ROCKFISH - PACIFIC COAST *",3
"CA2",2007,"CANARY ROCKFISH - PACIFIC COAST *",3
"CA3",2007,"CANARY ROCKFISH - PACIFIC COAST *",3
"OR",2007,"CANARY ROCKFISH - PACIFIC COAST *",3
"WA",2007,"CANARY ROCKFISH - PACIFIC COAST *",3
"CA1",2008,"CANARY ROCKFISH - PACIFIC COAST *",3
"CA2",2008,"CANARY ROCKFISH - PACIFIC COAST *",3
"CA3",2008,"CANARY ROCKFISH - PACIFIC COAST *",3
"OR",2008,"CANARY ROCKFISH - PACIFIC COAST *",3
"WA",2008,"CANARY ROCKFISH - PACIFIC COAST *",3
"CA1",2009,"CANARY ROCKFISH - PACIFIC COAST *",2
"CA2",2009,"CANARY ROCKFISH - PACIFIC COAST *",2
"CA3",2009,"CANARY ROCKFISH - PACIFIC COAST *",2
"OR",2009,"CANARY ROCKFISH - PACIFIC COAST *",2
"WA",2009,"CANARY ROCKFISH - PACIFIC COAST *",2
"CA1",2010,"CANARY ROCKFISH - PACIFIC COAST *",2
"CA2",2010,"CANARY ROCKFISH - PACIFIC COAST *",2
"CA3",2010,"CANARY ROCKFISH - PACIFIC COAST *",2
"OR",2010,"CANARY ROCKFISH - PACIFIC COAST *",2
"WA",2010,"CANARY ROCKFISH - PACIFIC COAST *",2
"CA1",2011,"CANARY ROCKFISH - PACIFIC COAST *",2
"CA2",2011,"CANARY ROCKFISH - PACIFIC COAST *",2
"CA3",2011,"CANARY ROCKFISH - PACIFIC COAST *",2
"OR",2011,"CANARY ROCKFISH - PACIFIC COAST *",2
"WA",2011,"CANARY ROCKFISH - PACIFIC COAST *",2
"CA1",2006,"CHILIPEPPER - SOUTHERN PACIFIC COAST",4
"CA2",2006,"CHILIPEPPER - SOUTHERN PACIFIC COAST",4
"CA3",2006,"CHILIPEPPER - SOUTHERN PACIFIC COAST",4
"OR",2006,"CHILIPEPPER - SOUTHERN PACIFIC COAST",
"WA",2006,"CHILIPEPPER - SOUTHERN PACIFIC COAST",
"CA1",2007,"CHILIPEPPER - SOUTHERN PACIFIC COAST",4
"CA2",2007,"CHILIPEPPER - SOUTHERN PACIFIC COAST",4
"CA3",2007,"CHILIPEPPER - SOUTHERN PACIFIC COAST",4
"OR",2007,"CHILIPEPPER - SOUTHERN PACIFIC COAST",
"WA",2007,"CHILIPEPPER - SOUTHERN PACIFIC COAST",
"CA1",2008,"CHILIPEPPER - SOUTHERN PACIFIC COAST",4
"CA2",2008,"CHILIPEPPER - SOUTHERN PACIFIC COAST",4
"CA3",2008,"CHILIPEPPER - SOUTHERN PACIFIC COAST",4
"OR",2008,"CHILIPEPPER - SOUTHERN PACIFIC COAST",
"WA",2008,"CHILIPEPPER - SOUTHERN PACIFIC COAST",
"CA1",2009,"CHILIPEPPER - SOUTHERN PACIFIC COAST",4
"CA2",2009,"CHILIPEPPER - SOUTHERN PACIFIC COAST",4
"CA3",2009,"CHILIPEPPER - SOUTHERN PACIFIC COAST",4
"OR",2009,"CHILIPEPPER - SOUTHERN PACIFIC COAST",
"WA",2009,"CHILIPEPPER - SOUTHERN PACIFIC COAST",
"CA1",2010,"CHILIPEPPER - SOUTHERN PACIFIC COAST",4
"CA2",2010,"CHILIPEPPER - SOUTHERN PACIFIC COAST",4
"CA3",2010,"CHILIPEPPER - SOUTHERN PACIFIC COAST",4
"OR",2010,"CHILIPEPPER - SOUTHERN PACIFIC COAST",
"WA",2010,"CHILIPEPPER - SOUTHERN PACIFIC COAST",
"CA1",2011,"CHILIPEPPER - SOUTHERN PACIFIC COAST",4
"CA2",2011,"CHILIPEPPER - SOUTHERN PACIFIC COAST",4
"CA3",2011,"CHILIPEPPER - SOUTHERN PACIFIC COAST",4
"OR",2011,"CHILIPEPPER - SOUTHERN PACIFIC COAST",
"WA",2011,"CHILIPEPPER - SOUTHERN PACIFIC COAST",
"CA1",2006,"COWCOD - SOUTHERN CALIFORNIA *",
"CA2",2006,"COWCOD - SOUTHERN CALIFORNIA *",
"CA3",2006,"COWCOD - SOUTHERN CALIFORNIA *",2
"OR",2006,"COWCOD - SOUTHERN CALIFORNIA *",
"WA",2006,"COWCOD - SOUTHERN CALIFORNIA *",
"CA1",2007,"COWCOD - SOUTHERN CALIFORNIA *",
"CA2",2007,"COWCOD - SOUTHERN CALIFORNIA *",
"CA3",2007,"COWCOD - SOUTHERN CALIFORNIA *",2
"OR",2007,"COWCOD - SOUTHERN CALIFORNIA *",
"WA",2007,"COWCOD - SOUTHERN CALIFORNIA *",
"CA1",2008,"COWCOD - SOUTHERN CALIFORNIA *",
"CA2",2008,"COWCOD - SOUTHERN CALIFORNIA *",
"CA3",2008,"COWCOD - SOUTHERN CALIFORNIA *",2
"OR",2008,"COWCOD - SOUTHERN CALIFORNIA *",
"WA",2008,"COWCOD - SOUTHERN CALIFORNIA *",
"CA1",2009,"COWCOD - SOUTHERN CALIFORNIA *",
"CA2",2009,"COWCOD - SOUTHERN CALIFORNIA *",
"CA3",2009,"COWCOD - SOUTHERN CALIFORNIA *",2
"OR",2009,"COWCOD - SOUTHERN CALIFORNIA *",
"WA",2009,"COWCOD - SOUTHERN CALIFORNIA *",
"CA1",2010,"COWCOD - SOUTHERN CALIFORNIA *",
"CA2",2010,"COWCOD - SOUTHERN CALIFORNIA *",
"CA3",2010,"COWCOD - SOUTHERN CALIFORNIA *",2
"OR",2010,"COWCOD - SOUTHERN CALIFORNIA *",
"WA",2010,"COWCOD - SOUTHERN CALIFORNIA *",
"CA1",2011,"COWCOD - SOUTHERN CALIFORNIA *",
"CA2",2011,"COWCOD - SOUTHERN CALIFORNIA *",
"CA3",2011,"COWCOD - SOUTHERN CALIFORNIA *",2
"OR",2011,"COWCOD - SOUTHERN CALIFORNIA *",
"WA",2011,"COWCOD - SOUTHERN CALIFORNIA *",
"CA1",2006,"DARKBLOTCHED ROCKFISH - PACIFIC COAST *",2
"CA2",2006,"DARKBLOTCHED ROCKFISH - PACIFIC COAST *",2
"CA3",2006,"DARKBLOTCHED ROCKFISH - PACIFIC COAST *",2
"OR",2006,"DARKBLOTCHED ROCKFISH - PACIFIC COAST *",2
"WA",2006,"DARKBLOTCHED ROCKFISH - PACIFIC COAST *",2
"CA1",2007,"DARKBLOTCHED ROCKFISH - PACIFIC COAST *",2
"CA2",2007,"DARKBLOTCHED ROCKFISH - PACIFIC COAST *",2
"CA3",2007,"DARKBLOTCHED ROCKFISH - PACIFIC COAST *",2
"OR",2007,"DARKBLOTCHED ROCKFISH - PACIFIC COAST *",2
"WA",2007,"DARKBLOTCHED ROCKFISH - PACIFIC COAST *",2
"CA1",2008,"DARKBLOTCHED ROCKFISH - PACIFIC COAST *",2
"CA2",2008,"DARKBLOTCHED ROCKFISH - PACIFIC COAST *",2
"CA3",2008,"DARKBLOTCHED ROCKFISH - PACIFIC COAST *",2
"OR",2008,"DARKBLOTCHED ROCKFISH - PACIFIC COAST *",2
"WA",2008,"DARKBLOTCHED ROCKFISH - PACIFIC COAST *",2
"CA1",2009,"DARKBLOTCHED ROCKFISH - PACIFIC COAST *",3
"CA2",2009,"DARKBLOTCHED ROCKFISH - PACIFIC COAST *",3
"CA3",2009,"DARKBLOTCHED ROCKFISH - PACIFIC COAST *",3
"OR",2009,"DARKBLOTCHED ROCKFISH - PACIFIC COAST *",3
"WA",2009,"DARKBLOTCHED ROCKFISH - PACIFIC COAST *",3
"CA1",2010,"DARKBLOTCHED ROCKFISH - PACIFIC COAST *",3
"CA2",2010,"DARKBLOTCHED ROCKFISH - PACIFIC COAST *",3
"CA3",2010,"DARKBLOTCHED ROCKFISH - PACIFIC COAST *",3
"OR",2010,"DARKBLOTCHED ROCKFISH - PACIFIC COAST *",3
"WA",2010,"DARKBLOTCHED ROCKFISH - PACIFIC COAST *",3
"CA1",2011,"DARKBLOTCHED ROCKFISH - PACIFIC COAST *",3
"CA2",2011,"DARKBLOTCHED ROCKFISH - PACIFIC COAST *",3
"CA3",2011,"DARKBLOTCHED ROCKFISH - PACIFIC COAST *",3
"OR",2011,"DARKBLOTCHED ROCKFISH - PACIFIC COAST *",3
"WA",2011,"DARKBLOTCHED ROCKFISH - PACIFIC COAST *",3
"CA1",2006,"DOVER SOLE - PACIFIC COAST",4
"CA2",2006,"DOVER SOLE - PACIFIC COAST",4
"CA3",2006,"DOVER SOLE - PACIFIC COAST",4
"OR",2006,"DOVER SOLE - PACIFIC COAST",4
"WA",2006,"DOVER SOLE - PACIFIC COAST",4
"CA1",2007,"DOVER SOLE - PACIFIC COAST",4
"CA2",2007,"DOVER SOLE - PACIFIC COAST",4
"CA3",2007,"DOVER SOLE - PACIFIC COAST",4
"OR",2007,"DOVER SOLE - PACIFIC COAST",4
"WA",2007,"DOVER SOLE - PACIFIC COAST",4
"CA1",2008,"DOVER SOLE - PACIFIC COAST",4
"CA2",2008,"DOVER SOLE - PACIFIC COAST",4
"CA3",2008,"DOVER SOLE - PACIFIC COAST",4
"OR",2008,"DOVER SOLE - PACIFIC COAST",4
"WA",2008,"DOVER SOLE - PACIFIC COAST",4
"CA1",2009,"DOVER SOLE - PACIFIC COAST",4
"CA2",2009,"DOVER SOLE - PACIFIC COAST",4
"CA3",2009,"DOVER SOLE - PACIFIC COAST",4
"OR",2009,"DOVER SOLE - PACIFIC COAST",4
"WA",2009,"DOVER SOLE - PACIFIC COAST",4
"CA1",2010,"DOVER SOLE - PACIFIC COAST",4
"CA2",2010,"DOVER SOLE - PACIFIC COAST",4
"CA3",2010,"DOVER SOLE - PACIFIC COAST",4
"OR",2010,"DOVER SOLE - PACIFIC COAST",4
"WA",2010,"DOVER SOLE - PACIFIC COAST",4
"CA1",2011,"DOVER SOLE - PACIFIC COAST",4
"CA2",2011,"DOVER SOLE - PACIFIC COAST",4
"CA3",2011,"DOVER SOLE - PACIFIC COAST",4
"OR",2011,"DOVER SOLE - PACIFIC COAST",4
"WA",2011,"DOVER SOLE - PACIFIC COAST",4
"CA1",2006,"ENGLISH SOLE - PACIFIC COAST",4
"CA2",2006,"ENGLISH SOLE - PACIFIC COAST",4
"CA3",2006,"ENGLISH SOLE - PACIFIC COAST",4
"OR",2006,"ENGLISH SOLE - PACIFIC COAST",4
"WA",2006,"ENGLISH SOLE - PACIFIC COAST",4
"CA1",2007,"ENGLISH SOLE - PACIFIC COAST",4
"CA2",2007,"ENGLISH SOLE - PACIFIC COAST",4
"CA3",2007,"ENGLISH SOLE - PACIFIC COAST",4
"OR",2007,"ENGLISH SOLE - PACIFIC COAST",4
"WA",2007,"ENGLISH SOLE - PACIFIC COAST",4
"CA1",2008,"ENGLISH SOLE - PACIFIC COAST",4
"CA2",2008,"ENGLISH SOLE - PACIFIC COAST",4
"CA3",2008,"ENGLISH SOLE - PACIFIC COAST",4
"OR",2008,"ENGLISH SOLE - PACIFIC COAST",4
"WA",2008,"ENGLISH SOLE - PACIFIC COAST",4
"CA1",2009,"ENGLISH SOLE - PACIFIC COAST",4
"CA2",2009,"ENGLISH SOLE - PACIFIC COAST",4
"CA3",2009,"ENGLISH SOLE - PACIFIC COAST",4
"OR",2009,"ENGLISH SOLE - PACIFIC COAST",4
"WA",2009,"ENGLISH SOLE - PACIFIC COAST",4
"CA1",2010,"ENGLISH SOLE - PACIFIC COAST",4
"CA2",2010,"ENGLISH SOLE - PACIFIC COAST",4
"CA3",2010,"ENGLISH SOLE - PACIFIC COAST",4
"OR",2010,"ENGLISH SOLE - PACIFIC COAST",4
"WA",2010,"ENGLISH SOLE - PACIFIC COAST",4
"CA1",2011,"ENGLISH SOLE - PACIFIC COAST",4
"CA2",2011,"ENGLISH SOLE - PACIFIC COAST",4
"CA3",2011,"ENGLISH SOLE - PACIFIC COAST",4
"OR",2011,"ENGLISH SOLE - PACIFIC COAST",4
"WA",2011,"ENGLISH SOLE - PACIFIC COAST",4
"CA1",2006,"GOPHER ROCKFISH - NORTHERN CALIFORNIA",2.5
"CA2",2006,"GOPHER ROCKFISH - NORTHERN CALIFORNIA",2.5
"CA3",2006,"GOPHER ROCKFISH - NORTHERN CALIFORNIA",
"OR",2006,"GOPHER ROCKFISH - NORTHERN CALIFORNIA",
"WA",2006,"GOPHER ROCKFISH - NORTHERN CALIFORNIA",
"CA1",2007,"GOPHER ROCKFISH - NORTHERN CALIFORNIA",2.5
"CA2",2007,"GOPHER ROCKFISH - NORTHERN CALIFORNIA",2.5
"CA3",2007,"GOPHER ROCKFISH - NORTHERN CALIFORNIA",
"OR",2007,"GOPHER ROCKFISH - NORTHERN CALIFORNIA",
"WA",2007,"GOPHER ROCKFISH - NORTHERN CALIFORNIA",
"CA1",2008,"GOPHER ROCKFISH - NORTHERN CALIFORNIA",4
"CA2",2008,"GOPHER ROCKFISH - NORTHERN CALIFORNIA",4
"CA3",2008,"GOPHER ROCKFISH - NORTHERN CALIFORNIA",
"OR",2008,"GOPHER ROCKFISH - NORTHERN CALIFORNIA",
"WA",2008,"GOPHER ROCKFISH - NORTHERN CALIFORNIA",
"CA1",2009,"GOPHER ROCKFISH - NORTHERN CALIFORNIA",4
"CA2",2009,"GOPHER ROCKFISH - NORTHERN CALIFORNIA",4
"CA3",2009,"GOPHER ROCKFISH - NORTHERN CALIFORNIA",
"OR",2009,"GOPHER ROCKFISH - NORTHERN CALIFORNIA",
"WA",2009,"GOPHER ROCKFISH - NORTHERN CALIFORNIA",
"CA1",2010,"GOPHER ROCKFISH - NORTHERN CALIFORNIA",4
"CA2",2010,"GOPHER ROCKFISH - NORTHERN CALIFORNIA",4
"CA3",2010,"GOPHER ROCKFISH - NORTHERN CALIFORNIA",
"OR",2010,"GOPHER ROCKFISH - NORTHERN CALIFORNIA",
"WA",2010,"GOPHER ROCKFISH - NORTHERN CALIFORNIA",
"CA1",2011,"GOPHER ROCKFISH - NORTHERN CALIFORNIA",2.5
"CA2",2011,"GOPHER ROCKFISH - NORTHERN CALIFORNIA",2.5
"CA3",2011,"GOPHER ROCKFISH - NORTHERN CALIFORNIA",
"OR",2011,"GOPHER ROCKFISH - NORTHERN CALIFORNIA",
"WA",2011,"GOPHER ROCKFISH - NORTHERN CALIFORNIA",
"CA1",2006,"KELP GREENLING - OREGON",
"CA2",2006,"KELP GREENLING - OREGON",
"CA3",2006,"KELP GREENLING - OREGON",
"OR",2006,"KELP GREENLING - OREGON",2.5
"WA",2006,"KELP GREENLING - OREGON",
"CA1",2007,"KELP GREENLING - OREGON",
"CA2",2007,"KELP GREENLING - OREGON",
"CA3",2007,"KELP GREENLING - OREGON",
"OR",2007,"KELP GREENLING - OREGON",2.5
"WA",2007,"KELP GREENLING - OREGON",
"CA1",2008,"KELP GREENLING - OREGON",
"CA2",2008,"KELP GREENLING - OREGON",
"CA3",2008,"KELP GREENLING - OREGON",
"OR",2008,"KELP GREENLING - OREGON",2.5
"WA",2008,"KELP GREENLING - OREGON",
"CA1",2009,"KELP GREENLING - OREGON",
"CA2",2009,"KELP GREENLING - OREGON",
"CA3",2009,"KELP GREENLING - OREGON",
"OR",2009,"KELP GREENLING - OREGON",2.5
"WA",2009,"KELP GREENLING - OREGON",
"CA1",2010,"KELP GREENLING - OREGON",
"CA2",2010,"KELP GREENLING - OREGON",
"CA3",2010,"KELP GREENLING - OREGON",
"OR",2010,"KELP GREENLING - OREGON",2.5
"WA",2010,"KELP GREENLING - OREGON",
"CA1",2011,"KELP GREENLING - OREGON",
"CA2",2011,"KELP GREENLING - OREGON",
"CA3",2011,"KELP GREENLING - OREGON",
"OR",2011,"KELP GREENLING - OREGON",2.5
"WA",2011,"KELP GREENLING - OREGON",
"CA1",2006,"LINGCOD - PACIFIC COAST",4
"CA2",2006,"LINGCOD - PACIFIC COAST",4
"CA3",2006,"LINGCOD - PACIFIC COAST",4
"OR",2006,"LINGCOD - PACIFIC COAST",4
"WA",2006,"LINGCOD - PACIFIC COAST",4
"CA1",2007,"LINGCOD - PACIFIC COAST",4
"CA2",2007,"LINGCOD - PACIFIC COAST",4
"CA3",2007,"LINGCOD - PACIFIC COAST",4
"OR",2007,"LINGCOD - PACIFIC COAST",4
"WA",2007,"LINGCOD - PACIFIC COAST",4
"CA1",2008,"LINGCOD - PACIFIC COAST",4
"CA2",2008,"LINGCOD - PACIFIC COAST",4
"CA3",2008,"LINGCOD - PACIFIC COAST",4
"OR",2008,"LINGCOD - PACIFIC COAST",4
"WA",2008,"LINGCOD - PACIFIC COAST",4
"CA1",2009,"LINGCOD - PACIFIC COAST",4
"CA2",2009,"LINGCOD - PACIFIC COAST",4
"CA3",2009,"LINGCOD - PACIFIC COAST",4
"OR",2009,"LINGCOD - PACIFIC COAST",4
"WA",2009,"LINGCOD - PACIFIC COAST",4
"CA1",2010,"LINGCOD - PACIFIC COAST",4
"CA2",2010,"LINGCOD - PACIFIC COAST",4
"CA3",2010,"LINGCOD - PACIFIC COAST",4
"OR",2010,"LINGCOD - PACIFIC COAST",4
"WA",2010,"LINGCOD - PACIFIC COAST",4
"CA1",2011,"LINGCOD - PACIFIC COAST",4
"CA2",2011,"LINGCOD - PACIFIC COAST",4
"CA3",2011,"LINGCOD - PACIFIC COAST",4
"OR",2011,"LINGCOD - PACIFIC COAST",4
"WA",2011,"LINGCOD - PACIFIC COAST",4
"CA1",2006,"LONGNOSE SKATE - PACIFIC COAST",0
"CA2",2006,"LONGNOSE SKATE - PACIFIC COAST",0
"CA3",2006,"LONGNOSE SKATE - PACIFIC COAST",0
"OR",2006,"LONGNOSE SKATE - PACIFIC COAST",0
"WA",2006,"LONGNOSE SKATE - PACIFIC COAST",0
"CA1",2007,"LONGNOSE SKATE - PACIFIC COAST",2.5
"CA2",2007,"LONGNOSE SKATE - PACIFIC COAST",2.5
"CA3",2007,"LONGNOSE SKATE - PACIFIC COAST",2.5
"OR",2007,"LONGNOSE SKATE - PACIFIC COAST",2.5
"WA",2007,"LONGNOSE SKATE - PACIFIC COAST",2.5
"CA1",2008,"LONGNOSE SKATE - PACIFIC COAST",2.5
"CA2",2008,"LONGNOSE SKATE - PACIFIC COAST",2.5
"CA3",2008,"LONGNOSE SKATE - PACIFIC COAST",2.5
"OR",2008,"LONGNOSE SKATE - PACIFIC COAST",2.5
"WA",2008,"LONGNOSE SKATE - PACIFIC COAST",2.5
"CA1",2009,"LONGNOSE SKATE - PACIFIC COAST",2.5
"CA2",2009,"LONGNOSE SKATE - PACIFIC COAST",2.5
"CA3",2009,"LONGNOSE SKATE - PACIFIC COAST",2.5
"OR",2009,"LONGNOSE SKATE - PACIFIC COAST",2.5
"WA",2009,"LONGNOSE SKATE - PACIFIC COAST",2.5
"CA1",2010,"LONGNOSE SKATE - PACIFIC COAST",2.5
"CA2",2010,"LONGNOSE SKATE - PACIFIC COAST",2.5
"CA3",2010,"LONGNOSE SKATE - PACIFIC COAST",2.5
"OR",2010,"LONGNOSE SKATE - PACIFIC COAST",2.5
"WA",2010,"LONGNOSE SKATE - PACIFIC COAST",2.5
"CA1",2011,"LONGNOSE SKATE - PACIFIC COAST",4
"CA2",2011,"LONGNOSE SKATE - PACIFIC COAST",4
"CA3",2011,"LONGNOSE SKATE - PACIFIC COAST",4
"OR",2011,"LONGNOSE SKATE - PACIFIC COAST",4
"WA",2011,"LONGNOSE SKATE - PACIFIC COAST",4
"CA1",2006,"LONGSPINE THORNYHEAD - PACIFIC COAST",4
"CA2",2006,"LONGSPINE THORNYHEAD - PACIFIC COAST",4
"CA3",2006,"LONGSPINE THORNYHEAD - PACIFIC COAST",4
"OR",2006,"LONGSPINE THORNYHEAD - PACIFIC COAST",4
"WA",2006,"LONGSPINE THORNYHEAD - PACIFIC COAST",4
"CA1",2007,"LONGSPINE THORNYHEAD - PACIFIC COAST",4
"CA2",2007,"LONGSPINE THORNYHEAD - PACIFIC COAST",4
"CA3",2007,"LONGSPINE THORNYHEAD - PACIFIC COAST",4
"OR",2007,"LONGSPINE THORNYHEAD - PACIFIC COAST",4
"WA",2007,"LONGSPINE THORNYHEAD - PACIFIC COAST",4
"CA1",2008,"LONGSPINE THORNYHEAD - PACIFIC COAST",4
"CA2",2008,"LONGSPINE THORNYHEAD - PACIFIC COAST",4
"CA3",2008,"LONGSPINE THORNYHEAD - PACIFIC COAST",4
"OR",2008,"LONGSPINE THORNYHEAD - PACIFIC COAST",4
"WA",2008,"LONGSPINE THORNYHEAD - PACIFIC COAST",4
"CA1",2009,"LONGSPINE THORNYHEAD - PACIFIC COAST",4
"CA2",2009,"LONGSPINE THORNYHEAD - PACIFIC COAST",4
"CA3",2009,"LONGSPINE THORNYHEAD - PACIFIC COAST",4
"OR",2009,"LONGSPINE THORNYHEAD - PACIFIC COAST",4
"WA",2009,"LONGSPINE THORNYHEAD - PACIFIC COAST",4
"CA1",2010,"LONGSPINE THORNYHEAD - PACIFIC COAST",4
"CA2",2010,"LONGSPINE THORNYHEAD - PACIFIC COAST",4
"CA3",2010,"LONGSPINE THORNYHEAD - PACIFIC COAST",4
"OR",2010,"LONGSPINE THORNYHEAD - PACIFIC COAST",4
"WA",2010,"LONGSPINE THORNYHEAD - PACIFIC COAST",4
"CA1",2011,"LONGSPINE THORNYHEAD - PACIFIC COAST",4
"CA2",2011,"LONGSPINE THORNYHEAD - PACIFIC COAST",4
"CA3",2011,"LONGSPINE THORNYHEAD - PACIFIC COAST",4
"OR",2011,"LONGSPINE THORNYHEAD - PACIFIC COAST",4
"WA",2011,"LONGSPINE THORNYHEAD - PACIFIC COAST",4
"CA1",2006,"PACIFIC COD - PACIFIC COAST",0
"CA2",2006,"PACIFIC COD - PACIFIC COAST",0
"CA3",2006,"PACIFIC COD - PACIFIC COAST",0
"OR",2006,"PACIFIC COD - PACIFIC COAST",0
"WA",2006,"PACIFIC COD - PACIFIC COAST",0
"CA1",2007,"PACIFIC COD - PACIFIC COAST",0
"CA2",2007,"PACIFIC COD - PACIFIC COAST",0
"CA3",2007,"PACIFIC COD - PACIFIC COAST",0
"OR",2007,"PACIFIC COD - PACIFIC COAST",0
"WA",2007,"PACIFIC COD - PACIFIC COAST",0
"CA1",2008,"PACIFIC COD - PACIFIC COAST",0
"CA2",2008,"PACIFIC COD - PACIFIC COAST",0
"CA3",2008,"PACIFIC COD - PACIFIC COAST",0
"OR",2008,"PACIFIC COD - PACIFIC COAST",0
"WA",2008,"PACIFIC COD - PACIFIC COAST",0
"CA1",2009,"PACIFIC COD - PACIFIC COAST",0
"CA2",2009,"PACIFIC COD - PACIFIC COAST",0
"CA3",2009,"PACIFIC COD - PACIFIC COAST",0
"OR",2009,"PACIFIC COD - PACIFIC COAST",0
"WA",2009,"PACIFIC COD - PACIFIC COAST",0
"CA1",2010,"PACIFIC COD - PACIFIC COAST",1.5
"CA2",2010,"PACIFIC COD - PACIFIC COAST",1.5
"CA3",2010,"PACIFIC COD - PACIFIC COAST",1.5
"OR",2010,"PACIFIC COD - PACIFIC COAST",1.5
"WA",2010,"PACIFIC COD - PACIFIC COAST",1.5
"CA1",2011,"PACIFIC COD - PACIFIC COAST",1.5
"CA2",2011,"PACIFIC COD - PACIFIC COAST",1.5
"CA3",2011,"PACIFIC COD - PACIFIC COAST",1.5
"OR",2011,"PACIFIC COD - PACIFIC COAST",1.5
"WA",2011,"PACIFIC COD - PACIFIC COAST",1.5
"CA1",2006,"PACIFIC GRENADIER - PACIFIC COAST",0
"CA2",2006,"PACIFIC GRENADIER - PACIFIC COAST",0
"CA3",2006,"PACIFIC GRENADIER - PACIFIC COAST",0
"OR",2006,"PACIFIC GRENADIER - PACIFIC COAST",0
"WA",2006,"PACIFIC GRENADIER - PACIFIC COAST",0
"CA1",2007,"PACIFIC GRENADIER - PACIFIC COAST",0
"CA2",2007,"PACIFIC GRENADIER - PACIFIC COAST",0
"CA3",2007,"PACIFIC GRENADIER - PACIFIC COAST",0
"OR",2007,"PACIFIC GRENADIER - PACIFIC COAST",0
"WA",2007,"PACIFIC GRENADIER - PACIFIC COAST",0
"CA1",2008,"PACIFIC GRENADIER - PACIFIC COAST",0
"CA2",2008,"PACIFIC GRENADIER - PACIFIC COAST",0
"CA3",2008,"PACIFIC GRENADIER - PACIFIC COAST",0
"OR",2008,"PACIFIC GRENADIER - PACIFIC COAST",0
"WA",2008,"PACIFIC GRENADIER - PACIFIC COAST",0
"CA1",2009,"PACIFIC GRENADIER - PACIFIC COAST",0
"CA2",2009,"PACIFIC GRENADIER - PACIFIC COAST",0
"CA3",2009,"PACIFIC GRENADIER - PACIFIC COAST",0
"OR",2009,"PACIFIC GRENADIER - PACIFIC COAST",0
"WA",2009,"PACIFIC GRENADIER - PACIFIC COAST",0
"CA1",2010,"PACIFIC GRENADIER - PACIFIC COAST",0
"CA2",2010,"PACIFIC GRENADIER - PACIFIC COAST",0
"CA3",2010,"PACIFIC GRENADIER - PACIFIC COAST",0
"OR",2010,"PACIFIC GRENADIER - PACIFIC COAST",0
"WA",2010,"PACIFIC GRENADIER - PACIFIC COAST",0
"CA1",2011,"PACIFIC GRENADIER - PACIFIC COAST",0
"CA2",2011,"PACIFIC GRENADIER - PACIFIC COAST",0
"CA3",2011,"PACIFIC GRENADIER - PACIFIC COAST",0
"OR",2011,"PACIFIC GRENADIER - PACIFIC COAST",0
"WA",2011,"PACIFIC GRENADIER - PACIFIC COAST",0
"CA1",2006,"PACIFIC HAKE - PACIFIC COAST",3
"CA2",2006,"PACIFIC HAKE - PACIFIC COAST",3
"CA3",2006,"PACIFIC HAKE - PACIFIC COAST",3
"OR",2006,"PACIFIC HAKE - PACIFIC COAST",3
"WA",2006,"PACIFIC HAKE - PACIFIC COAST",3
"CA1",2007,"PACIFIC HAKE - PACIFIC COAST",4
"CA2",2007,"PACIFIC HAKE - PACIFIC COAST",4
"CA3",2007,"PACIFIC HAKE - PACIFIC COAST",4
"OR",2007,"PACIFIC HAKE - PACIFIC COAST",4
"WA",2007,"PACIFIC HAKE - PACIFIC COAST",4
"CA1",2008,"PACIFIC HAKE - PACIFIC COAST",4
"CA2",2008,"PACIFIC HAKE - PACIFIC COAST",4
"CA3",2008,"PACIFIC HAKE - PACIFIC COAST",4
"OR",2008,"PACIFIC HAKE - PACIFIC COAST",4
"WA",2008,"PACIFIC HAKE - PACIFIC COAST",4
"CA1",2009,"PACIFIC HAKE - PACIFIC COAST",3
"CA2",2009,"PACIFIC HAKE - PACIFIC COAST",3
"CA3",2009,"PACIFIC HAKE - PACIFIC COAST",3
"OR",2009,"PACIFIC HAKE - PACIFIC COAST",3
"WA",2009,"PACIFIC HAKE - PACIFIC COAST",3
"CA1",2010,"PACIFIC HAKE - PACIFIC COAST",3
"CA2",2010,"PACIFIC HAKE - PACIFIC COAST",3
"CA3",2010,"PACIFIC HAKE - PACIFIC COAST",3
"OR",2010,"PACIFIC HAKE - PACIFIC COAST",3
"WA",2010,"PACIFIC HAKE - PACIFIC COAST",3
"CA1",2011,"PACIFIC HAKE - PACIFIC COAST",4
"CA2",2011,"PACIFIC HAKE - PACIFIC COAST",4
"CA3",2011,"PACIFIC HAKE - PACIFIC COAST",4
"OR",2011,"PACIFIC HAKE - PACIFIC COAST",4
"WA",2011,"PACIFIC HAKE - PACIFIC COAST",4
"CA1",2006,"PACIFIC OCEAN PERCH - PACIFIC COAST *",2
"CA2",2006,"PACIFIC OCEAN PERCH - PACIFIC COAST *",2
"CA3",2006,"PACIFIC OCEAN PERCH - PACIFIC COAST *",2
"OR",2006,"PACIFIC OCEAN PERCH - PACIFIC COAST *",2
"WA",2006,"PACIFIC OCEAN PERCH - PACIFIC COAST *",2
"CA1",2007,"PACIFIC OCEAN PERCH - PACIFIC COAST *",3
"CA2",2007,"PACIFIC OCEAN PERCH - PACIFIC COAST *",3
"CA3",2007,"PACIFIC OCEAN PERCH - PACIFIC COAST *",3
"OR",2007,"PACIFIC OCEAN PERCH - PACIFIC COAST *",3
"WA",2007,"PACIFIC OCEAN PERCH - PACIFIC COAST *",3
"CA1",2008,"PACIFIC OCEAN PERCH - PACIFIC COAST *",3
"CA2",2008,"PACIFIC OCEAN PERCH - PACIFIC COAST *",3
"CA3",2008,"PACIFIC OCEAN PERCH - PACIFIC COAST *",3
"OR",2008,"PACIFIC OCEAN PERCH - PACIFIC COAST *",3
"WA",2008,"PACIFIC OCEAN PERCH - PACIFIC COAST *",3
"CA1",2009,"PACIFIC OCEAN PERCH - PACIFIC COAST *",3
"CA2",2009,"PACIFIC OCEAN PERCH - PACIFIC COAST *",3
"CA3",2009,"PACIFIC OCEAN PERCH - PACIFIC COAST *",3
"OR",2009,"PACIFIC OCEAN PERCH - PACIFIC COAST *",3
"WA",2009,"PACIFIC OCEAN PERCH - PACIFIC COAST *",3
"CA1",2010,"PACIFIC OCEAN PERCH - PACIFIC COAST *",3
"CA2",2010,"PACIFIC OCEAN PERCH - PACIFIC COAST *",3
"CA3",2010,"PACIFIC OCEAN PERCH - PACIFIC COAST *",3
"OR",2010,"PACIFIC OCEAN PERCH - PACIFIC COAST *",3
"WA",2010,"PACIFIC OCEAN PERCH - PACIFIC COAST *",3
"CA1",2011,"PACIFIC OCEAN PERCH - PACIFIC COAST *",2
"CA2",2011,"PACIFIC OCEAN PERCH - PACIFIC COAST *",2
"CA3",2011,"PACIFIC OCEAN PERCH - PACIFIC COAST *",2
"OR",2011,"PACIFIC OCEAN PERCH - PACIFIC COAST *",2
"WA",2011,"PACIFIC OCEAN PERCH - PACIFIC COAST *",2
"CA1",2006,"PACIFIC SANDDAB - PACIFIC COAST",0
"CA2",2006,"PACIFIC SANDDAB - PACIFIC COAST",0
"CA3",2006,"PACIFIC SANDDAB - PACIFIC COAST",0
"OR",2006,"PACIFIC SANDDAB - PACIFIC COAST",0
"WA",2006,"PACIFIC SANDDAB - PACIFIC COAST",0
"CA1",2007,"PACIFIC SANDDAB - PACIFIC COAST",0
"CA2",2007,"PACIFIC SANDDAB - PACIFIC COAST",0
"CA3",2007,"PACIFIC SANDDAB - PACIFIC COAST",0
"OR",2007,"PACIFIC SANDDAB - PACIFIC COAST",0
"WA",2007,"PACIFIC SANDDAB - PACIFIC COAST",0
"CA1",2008,"PACIFIC SANDDAB - PACIFIC COAST",0
"CA2",2008,"PACIFIC SANDDAB - PACIFIC COAST",0
"CA3",2008,"PACIFIC SANDDAB - PACIFIC COAST",0
"OR",2008,"PACIFIC SANDDAB - PACIFIC COAST",0
"WA",2008,"PACIFIC SANDDAB - PACIFIC COAST",0
"CA1",2009,"PACIFIC SANDDAB - PACIFIC COAST",0
"CA2",2009,"PACIFIC SANDDAB - PACIFIC COAST",0
"CA3",2009,"PACIFIC SANDDAB - PACIFIC COAST",0
"OR",2009,"PACIFIC SANDDAB - PACIFIC COAST",0
"WA",2009,"PACIFIC SANDDAB - PACIFIC COAST",0
"CA1",2010,"PACIFIC SANDDAB - PACIFIC COAST",0
"CA2",2010,"PACIFIC SANDDAB - PACIFIC COAST",0
"CA3",2010,"PACIFIC SANDDAB - PACIFIC COAST",0
"OR",2010,"PACIFIC SANDDAB - PACIFIC COAST",0
"WA",2010,"PACIFIC SANDDAB - PACIFIC COAST",0
"CA1",2011,"PACIFIC SANDDAB - PACIFIC COAST",0
"CA2",2011,"PACIFIC SANDDAB - PACIFIC COAST",0
"CA3",2011,"PACIFIC SANDDAB - PACIFIC COAST",0
"OR",2011,"PACIFIC SANDDAB - PACIFIC COAST",0
"WA",2011,"PACIFIC SANDDAB - PACIFIC COAST",0
"CA1",2006,"PETRALE SOLE - PACIFIC COAST *",3
"CA2",2006,"PETRALE SOLE - PACIFIC COAST *",3
"CA3",2006,"PETRALE SOLE - PACIFIC COAST *",3
"OR",2006,"PETRALE SOLE - PACIFIC COAST *",3
"WA",2006,"PETRALE SOLE - PACIFIC COAST *",3
"CA1",2007,"PETRALE SOLE - PACIFIC COAST *",4
"CA2",2007,"PETRALE SOLE - PACIFIC COAST *",4
"CA3",2007,"PETRALE SOLE - PACIFIC COAST *",4
"OR",2007,"PETRALE SOLE - PACIFIC COAST *",4
"WA",2007,"PETRALE SOLE - PACIFIC COAST *",4
"CA1",2008,"PETRALE SOLE - PACIFIC COAST *",4
"CA2",2008,"PETRALE SOLE - PACIFIC COAST *",4
"CA3",2008,"PETRALE SOLE - PACIFIC COAST *",4
"OR",2008,"PETRALE SOLE - PACIFIC COAST *",4
"WA",2008,"PETRALE SOLE - PACIFIC COAST *",4
"CA1",2009,"PETRALE SOLE - PACIFIC COAST *",2
"CA2",2009,"PETRALE SOLE - PACIFIC COAST *",2
"CA3",2009,"PETRALE SOLE - PACIFIC COAST *",2
"OR",2009,"PETRALE SOLE - PACIFIC COAST *",2
"WA",2009,"PETRALE SOLE - PACIFIC COAST *",2
"CA1",2010,"PETRALE SOLE - PACIFIC COAST *",2
"CA2",2010,"PETRALE SOLE - PACIFIC COAST *",2
"CA3",2010,"PETRALE SOLE - PACIFIC COAST *",2
"OR",2010,"PETRALE SOLE - PACIFIC COAST *",2
"WA",2010,"PETRALE SOLE - PACIFIC COAST *",2
"CA1",2011,"PETRALE SOLE - PACIFIC COAST *",3
"CA2",2011,"PETRALE SOLE - PACIFIC COAST *",3
"CA3",2011,"PETRALE SOLE - PACIFIC COAST *",3
"OR",2011,"PETRALE SOLE - PACIFIC COAST *",3
"WA",2011,"PETRALE SOLE - PACIFIC COAST *",3
"CA1",2006,"REX SOLE - PACIFIC COAST",0
"CA2",2006,"REX SOLE - PACIFIC COAST",0
"CA3",2006,"REX SOLE - PACIFIC COAST",0
"OR",2006,"REX SOLE - PACIFIC COAST",0
"WA",2006,"REX SOLE - PACIFIC COAST",0
"CA1",2007,"REX SOLE - PACIFIC COAST",0
"CA2",2007,"REX SOLE - PACIFIC COAST",0
"CA3",2007,"REX SOLE - PACIFIC COAST",0
"OR",2007,"REX SOLE - PACIFIC COAST",0
"WA",2007,"REX SOLE - PACIFIC COAST",0
"CA1",2008,"REX SOLE - PACIFIC COAST",0
"CA2",2008,"REX SOLE - PACIFIC COAST",0
"CA3",2008,"REX SOLE - PACIFIC COAST",0
"OR",2008,"REX SOLE - PACIFIC COAST",0
"WA",2008,"REX SOLE - PACIFIC COAST",0
"CA1",2009,"REX SOLE - PACIFIC COAST",0
"CA2",2009,"REX SOLE - PACIFIC COAST",0
"CA3",2009,"REX SOLE - PACIFIC COAST",0
"OR",2009,"REX SOLE - PACIFIC COAST",0
"WA",2009,"REX SOLE - PACIFIC COAST",0
"CA1",2010,"REX SOLE - PACIFIC COAST",0
"CA2",2010,"REX SOLE - PACIFIC COAST",0
"CA3",2010,"REX SOLE - PACIFIC COAST",0
"OR",2010,"REX SOLE - PACIFIC COAST",0
"WA",2010,"REX SOLE - PACIFIC COAST",0
"CA1",2011,"REX SOLE - PACIFIC COAST",0
"CA2",2011,"REX SOLE - PACIFIC COAST",0
"CA3",2011,"REX SOLE - PACIFIC COAST",0
"OR",2011,"REX SOLE - PACIFIC COAST",0
"WA",2011,"REX SOLE - PACIFIC COAST",0
"CA1",2006,"ROUGHEYE ROCKFISH - PACIFIC COAST",0
"CA2",2006,"ROUGHEYE ROCKFISH - PACIFIC COAST",0
"CA3",2006,"ROUGHEYE ROCKFISH - PACIFIC COAST",0
"OR",2006,"ROUGHEYE ROCKFISH - PACIFIC COAST",0
"WA",2006,"ROUGHEYE ROCKFISH - PACIFIC COAST",0
"CA1",2007,"ROUGHEYE ROCKFISH - PACIFIC COAST",0
"CA2",2007,"ROUGHEYE ROCKFISH - PACIFIC COAST",0
"CA3",2007,"ROUGHEYE ROCKFISH - PACIFIC COAST",0
"OR",2007,"ROUGHEYE ROCKFISH - PACIFIC COAST",0
"WA",2007,"ROUGHEYE ROCKFISH - PACIFIC COAST",0
"CA1",2008,"ROUGHEYE ROCKFISH - PACIFIC COAST",0
"CA2",2008,"ROUGHEYE ROCKFISH - PACIFIC COAST",0
"CA3",2008,"ROUGHEYE ROCKFISH - PACIFIC COAST",0
"OR",2008,"ROUGHEYE ROCKFISH - PACIFIC COAST",0
"WA",2008,"ROUGHEYE ROCKFISH - PACIFIC COAST",0
"CA1",2009,"ROUGHEYE ROCKFISH - PACIFIC COAST",0
"CA2",2009,"ROUGHEYE ROCKFISH - PACIFIC COAST",0
"CA3",2009,"ROUGHEYE ROCKFISH - PACIFIC COAST",0
"OR",2009,"ROUGHEYE ROCKFISH - PACIFIC COAST",0
"WA",2009,"ROUGHEYE ROCKFISH - PACIFIC COAST",0
"CA1",2010,"ROUGHEYE ROCKFISH - PACIFIC COAST",0
"CA2",2010,"ROUGHEYE ROCKFISH - PACIFIC COAST",0
"CA3",2010,"ROUGHEYE ROCKFISH - PACIFIC COAST",0
"OR",2010,"ROUGHEYE ROCKFISH - PACIFIC COAST",0
"WA",2010,"ROUGHEYE ROCKFISH - PACIFIC COAST",0
"CA1",2011,"ROUGHEYE ROCKFISH - PACIFIC COAST",0
"CA2",2011,"ROUGHEYE ROCKFISH - PACIFIC COAST",0
"CA3",2011,"ROUGHEYE ROCKFISH - PACIFIC COAST",0
"OR",2011,"ROUGHEYE ROCKFISH - PACIFIC COAST",0
"WA",2011,"ROUGHEYE ROCKFISH - PACIFIC COAST",0
"CA1",2006,"SABLEFISH - PACIFIC COAST",4
"CA2",2006,"SABLEFISH - PACIFIC COAST",4
"CA3",2006,"SABLEFISH - PACIFIC COAST",4
"OR",2006,"SABLEFISH - PACIFIC COAST",4
"WA",2006,"SABLEFISH - PACIFIC COAST",4
"CA1",2007,"SABLEFISH - PACIFIC COAST",4
"CA2",2007,"SABLEFISH - PACIFIC COAST",4
"CA3",2007,"SABLEFISH - PACIFIC COAST",4
"OR",2007,"SABLEFISH - PACIFIC COAST",4
"WA",2007,"SABLEFISH - PACIFIC COAST",4
"CA1",2008,"SABLEFISH - PACIFIC COAST",4
"CA2",2008,"SABLEFISH - PACIFIC COAST",4
"CA3",2008,"SABLEFISH - PACIFIC COAST",4
"OR",2008,"SABLEFISH - PACIFIC COAST",4
"WA",2008,"SABLEFISH - PACIFIC COAST",4
"CA1",2009,"SABLEFISH - PACIFIC COAST",4
"CA2",2009,"SABLEFISH - PACIFIC COAST",4
"CA3",2009,"SABLEFISH - PACIFIC COAST",4
"OR",2009,"SABLEFISH - PACIFIC COAST",4
"WA",2009,"SABLEFISH - PACIFIC COAST",4
"CA1",2010,"SABLEFISH - PACIFIC COAST",4
"CA2",2010,"SABLEFISH - PACIFIC COAST",4
"CA3",2010,"SABLEFISH - PACIFIC COAST",4
"OR",2010,"SABLEFISH - PACIFIC COAST",4
"WA",2010,"SABLEFISH - PACIFIC COAST",4
"CA1",2011,"SABLEFISH - PACIFIC COAST",4
"CA2",2011,"SABLEFISH - PACIFIC COAST",4
"CA3",2011,"SABLEFISH - PACIFIC COAST",4
"OR",2011,"SABLEFISH - PACIFIC COAST",4
"WA",2011,"SABLEFISH - PACIFIC COAST",4
"CA1",2006,"SAND SOLE - PACIFIC COAST",0
"CA2",2006,"SAND SOLE - PACIFIC COAST",0
"CA3",2006,"SAND SOLE - PACIFIC COAST",0
"OR",2006,"SAND SOLE - PACIFIC COAST",0
"WA",2006,"SAND SOLE - PACIFIC COAST",0
"CA1",2007,"SAND SOLE - PACIFIC COAST",0
"CA2",2007,"SAND SOLE - PACIFIC COAST",0
"CA3",2007,"SAND SOLE - PACIFIC COAST",0
"OR",2007,"SAND SOLE - PACIFIC COAST",0
"WA",2007,"SAND SOLE - PACIFIC COAST",0
"CA1",2008,"SAND SOLE - PACIFIC COAST",0
"CA2",2008,"SAND SOLE - PACIFIC COAST",0
"CA3",2008,"SAND SOLE - PACIFIC COAST",0
"OR",2008,"SAND SOLE - PACIFIC COAST",0
"WA",2008,"SAND SOLE - PACIFIC COAST",0
"CA1",2009,"SAND SOLE - PACIFIC COAST",0
"CA2",2009,"SAND SOLE - PACIFIC COAST",0
"CA3",2009,"SAND SOLE - PACIFIC COAST",0
"OR",2009,"SAND SOLE - PACIFIC COAST",0
"WA",2009,"SAND SOLE - PACIFIC COAST",0
"CA1",2010,"SAND SOLE - PACIFIC COAST",0
"CA2",2010,"SAND SOLE - PACIFIC COAST",0
"CA3",2010,"SAND SOLE - PACIFIC COAST",0
"OR",2010,"SAND SOLE - PACIFIC COAST",0
"WA",2010,"SAND SOLE - PACIFIC COAST",0
"CA1",2011,"SAND SOLE - PACIFIC COAST",0
"CA2",2011,"SAND SOLE - PACIFIC COAST",0
"CA3",2011,"SAND SOLE - PACIFIC COAST",0
"OR",2011,"SAND SOLE - PACIFIC COAST",0
"WA",2011,"SAND SOLE - PACIFIC COAST",0
"CA1",2006,"SHORTBELLY ROCKFISH - PACIFIC COAST",3
"CA2",2006,"SHORTBELLY ROCKFISH - PACIFIC COAST",3
"CA3",2006,"SHORTBELLY ROCKFISH - PACIFIC COAST",3
"OR",2006,"SHORTBELLY ROCKFISH - PACIFIC COAST",3
"WA",2006,"SHORTBELLY ROCKFISH - PACIFIC COAST",3
"CA1",2007,"SHORTBELLY ROCKFISH - PACIFIC COAST",4
"CA2",2007,"SHORTBELLY ROCKFISH - PACIFIC COAST",4
"CA3",2007,"SHORTBELLY ROCKFISH - PACIFIC COAST",4
"OR",2007,"SHORTBELLY ROCKFISH - PACIFIC COAST",4
"WA",2007,"SHORTBELLY ROCKFISH - PACIFIC COAST",4
"CA1",2008,"SHORTBELLY ROCKFISH - PACIFIC COAST",4
"CA2",2008,"SHORTBELLY ROCKFISH - PACIFIC COAST",4
"CA3",2008,"SHORTBELLY ROCKFISH - PACIFIC COAST",4
"OR",2008,"SHORTBELLY ROCKFISH - PACIFIC COAST",4
"WA",2008,"SHORTBELLY ROCKFISH - PACIFIC COAST",4
"CA1",2009,"SHORTBELLY ROCKFISH - PACIFIC COAST",4
"CA2",2009,"SHORTBELLY ROCKFISH - PACIFIC COAST",4
"CA3",2009,"SHORTBELLY ROCKFISH - PACIFIC COAST",4
"OR",2009,"SHORTBELLY ROCKFISH - PACIFIC COAST",4
"WA",2009,"SHORTBELLY ROCKFISH - PACIFIC COAST",4
"CA1",2010,"SHORTBELLY ROCKFISH - PACIFIC COAST",4
"CA2",2010,"SHORTBELLY ROCKFISH - PACIFIC COAST",4
"CA3",2010,"SHORTBELLY ROCKFISH - PACIFIC COAST",4
"OR",2010,"SHORTBELLY ROCKFISH - PACIFIC COAST",4
"WA",2010,"SHORTBELLY ROCKFISH - PACIFIC COAST",4
"CA1",2011,"SHORTBELLY ROCKFISH - PACIFIC COAST",4
"CA2",2011,"SHORTBELLY ROCKFISH - PACIFIC COAST",4
"CA3",2011,"SHORTBELLY ROCKFISH - PACIFIC COAST",4
"OR",2011,"SHORTBELLY ROCKFISH - PACIFIC COAST",4
"WA",2011,"SHORTBELLY ROCKFISH - PACIFIC COAST",4
"CA1",2006,"SHORTSPINE THORNYHEAD - PACIFIC COAST",4
"CA2",2006,"SHORTSPINE THORNYHEAD - PACIFIC COAST",4
"CA3",2006,"SHORTSPINE THORNYHEAD - PACIFIC COAST",4
"OR",2006,"SHORTSPINE THORNYHEAD - PACIFIC COAST",4
"WA",2006,"SHORTSPINE THORNYHEAD - PACIFIC COAST",4
"CA1",2007,"SHORTSPINE THORNYHEAD - PACIFIC COAST",4
"CA2",2007,"SHORTSPINE THORNYHEAD - PACIFIC COAST",4
"CA3",2007,"SHORTSPINE THORNYHEAD - PACIFIC COAST",4
"OR",2007,"SHORTSPINE THORNYHEAD - PACIFIC COAST",4
"WA",2007,"SHORTSPINE THORNYHEAD - PACIFIC COAST",4
"CA1",2008,"SHORTSPINE THORNYHEAD - PACIFIC COAST",4
"CA2",2008,"SHORTSPINE THORNYHEAD - PACIFIC COAST",4
"CA3",2008,"SHORTSPINE THORNYHEAD - PACIFIC COAST",4
"OR",2008,"SHORTSPINE THORNYHEAD - PACIFIC COAST",4
"WA",2008,"SHORTSPINE THORNYHEAD - PACIFIC COAST",4
"CA1",2009,"SHORTSPINE THORNYHEAD - PACIFIC COAST",4
"CA2",2009,"SHORTSPINE THORNYHEAD - PACIFIC COAST",4
"CA3",2009,"SHORTSPINE THORNYHEAD - PACIFIC COAST",4
"OR",2009,"SHORTSPINE THORNYHEAD - PACIFIC COAST",4
"WA",2009,"SHORTSPINE THORNYHEAD - PACIFIC COAST",4
"CA1",2010,"SHORTSPINE THORNYHEAD - PACIFIC COAST",4
"CA2",2010,"SHORTSPINE THORNYHEAD - PACIFIC COAST",4
"CA3",2010,"SHORTSPINE THORNYHEAD - PACIFIC COAST",4
"OR",2010,"SHORTSPINE THORNYHEAD - PACIFIC COAST",4
"WA",2010,"SHORTSPINE THORNYHEAD - PACIFIC COAST",4
"CA1",2011,"SHORTSPINE THORNYHEAD - PACIFIC COAST",4
"CA2",2011,"SHORTSPINE THORNYHEAD - PACIFIC COAST",4
"CA3",2011,"SHORTSPINE THORNYHEAD - PACIFIC COAST",4
"OR",2011,"SHORTSPINE THORNYHEAD - PACIFIC COAST",4
"WA",2011,"SHORTSPINE THORNYHEAD - PACIFIC COAST",4
"CA1",2006,"SPINY DOGFISH - PACIFIC COAST",0
"CA2",2006,"SPINY DOGFISH - PACIFIC COAST",0
"CA3",2006,"SPINY DOGFISH - PACIFIC COAST",0
"OR",2006,"SPINY DOGFISH - PACIFIC COAST",0
"WA",2006,"SPINY DOGFISH - PACIFIC COAST",0
"CA1",2007,"SPINY DOGFISH - PACIFIC COAST",0
"CA2",2007,"SPINY DOGFISH - PACIFIC COAST",0
"CA3",2007,"SPINY DOGFISH - PACIFIC COAST",0
"OR",2007,"SPINY DOGFISH - PACIFIC COAST",0
"WA",2007,"SPINY DOGFISH - PACIFIC COAST",0
"CA1",2008,"SPINY DOGFISH - PACIFIC COAST",0
"CA2",2008,"SPINY DOGFISH - PACIFIC COAST",0
"CA3",2008,"SPINY DOGFISH - PACIFIC COAST",0
"OR",2008,"SPINY DOGFISH - PACIFIC COAST",0
"WA",2008,"SPINY DOGFISH - PACIFIC COAST",0
"CA1",2009,"SPINY DOGFISH - PACIFIC COAST",0
"CA2",2009,"SPINY DOGFISH - PACIFIC COAST",0
"CA3",2009,"SPINY DOGFISH - PACIFIC COAST",0
"OR",2009,"SPINY DOGFISH - PACIFIC COAST",0
"WA",2009,"SPINY DOGFISH - PACIFIC COAST",0
"CA1",2010,"SPINY DOGFISH - PACIFIC COAST",0
"CA2",2010,"SPINY DOGFISH - PACIFIC COAST",0
"CA3",2010,"SPINY DOGFISH - PACIFIC COAST",0
"OR",2010,"SPINY DOGFISH - PACIFIC COAST",0
"WA",2010,"SPINY DOGFISH - PACIFIC COAST",0
"CA1",2011,"SPINY DOGFISH - PACIFIC COAST",2.5
"CA2",2011,"SPINY DOGFISH - PACIFIC COAST",2.5
"CA3",2011,"SPINY DOGFISH - PACIFIC COAST",2.5
"OR",2011,"SPINY DOGFISH - PACIFIC COAST",2.5
"WA",2011,"SPINY DOGFISH - PACIFIC COAST",2.5
"CA1",2006,"SPLITNOSE ROCKFISH - PACIFIC COAST",0
"CA2",2006,"SPLITNOSE ROCKFISH - PACIFIC COAST",0
"CA3",2006,"SPLITNOSE ROCKFISH - PACIFIC COAST",0
"OR",2006,"SPLITNOSE ROCKFISH - PACIFIC COAST",0
"WA",2006,"SPLITNOSE ROCKFISH - PACIFIC COAST",0
"CA1",2007,"SPLITNOSE ROCKFISH - PACIFIC COAST",1.5
"CA2",2007,"SPLITNOSE ROCKFISH - PACIFIC COAST",1.5
"CA3",2007,"SPLITNOSE ROCKFISH - PACIFIC COAST",1.5
"OR",2007,"SPLITNOSE ROCKFISH - PACIFIC COAST",1.5
"WA",2007,"SPLITNOSE ROCKFISH - PACIFIC COAST",1.5
"CA1",2008,"SPLITNOSE ROCKFISH - PACIFIC COAST",1.5
"CA2",2008,"SPLITNOSE ROCKFISH - PACIFIC COAST",1.5
"CA3",2008,"SPLITNOSE ROCKFISH - PACIFIC COAST",1.5
"OR",2008,"SPLITNOSE ROCKFISH - PACIFIC COAST",1.5
"WA",2008,"SPLITNOSE ROCKFISH - PACIFIC COAST",1.5
"CA1",2009,"SPLITNOSE ROCKFISH - PACIFIC COAST",4
"CA2",2009,"SPLITNOSE ROCKFISH - PACIFIC COAST",4
"CA3",2009,"SPLITNOSE ROCKFISH - PACIFIC COAST",4
"OR",2009,"SPLITNOSE ROCKFISH - PACIFIC COAST",4
"WA",2009,"SPLITNOSE ROCKFISH - PACIFIC COAST",4
"CA1",2010,"SPLITNOSE ROCKFISH - PACIFIC COAST",4
"CA2",2010,"SPLITNOSE ROCKFISH - PACIFIC COAST",4
"CA3",2010,"SPLITNOSE ROCKFISH - PACIFIC COAST",4
"OR",2010,"SPLITNOSE ROCKFISH - PACIFIC COAST",4
"WA",2010,"SPLITNOSE ROCKFISH - PACIFIC COAST",4
"CA1",2011,"SPLITNOSE ROCKFISH - PACIFIC COAST",4
"CA2",2011,"SPLITNOSE ROCKFISH - PACIFIC COAST",4
"CA3",2011,"SPLITNOSE ROCKFISH - PACIFIC COAST",4
"OR",2011,"SPLITNOSE ROCKFISH - PACIFIC COAST",4
"WA",2011,"SPLITNOSE ROCKFISH - PACIFIC COAST",4
"CA1",2006,"STARRY FLOUNDER - PACIFIC COAST",2.5
"CA2",2006,"STARRY FLOUNDER - PACIFIC COAST",2.5
"CA3",2006,"STARRY FLOUNDER - PACIFIC COAST",2.5
"OR",2006,"STARRY FLOUNDER - PACIFIC COAST",2.5
"WA",2006,"STARRY FLOUNDER - PACIFIC COAST",2.5
"CA1",2007,"STARRY FLOUNDER - PACIFIC COAST",2.5
"CA2",2007,"STARRY FLOUNDER - PACIFIC COAST",2.5
"CA3",2007,"STARRY FLOUNDER - PACIFIC COAST",2.5
"OR",2007,"STARRY FLOUNDER - PACIFIC COAST",2.5
"WA",2007,"STARRY FLOUNDER - PACIFIC COAST",2.5
"CA1",2008,"STARRY FLOUNDER - PACIFIC COAST",4
"CA2",2008,"STARRY FLOUNDER - PACIFIC COAST",4
"CA3",2008,"STARRY FLOUNDER - PACIFIC COAST",4
"OR",2008,"STARRY FLOUNDER - PACIFIC COAST",4
"WA",2008,"STARRY FLOUNDER - PACIFIC COAST",4
"CA1",2009,"STARRY FLOUNDER - PACIFIC COAST",4
"CA2",2009,"STARRY FLOUNDER - PACIFIC COAST",4
"CA3",2009,"STARRY FLOUNDER - PACIFIC COAST",4
"OR",2009,"STARRY FLOUNDER - PACIFIC COAST",4
"WA",2009,"STARRY FLOUNDER - PACIFIC COAST",4
"CA1",2010,"STARRY FLOUNDER - PACIFIC COAST",4
"CA2",2010,"STARRY FLOUNDER - PACIFIC COAST",4
"CA3",2010,"STARRY FLOUNDER - PACIFIC COAST",4
"OR",2010,"STARRY FLOUNDER - PACIFIC COAST",4
"WA",2010,"STARRY FLOUNDER - PACIFIC COAST",4
"CA1",2011,"STARRY FLOUNDER - PACIFIC COAST",4
"CA2",2011,"STARRY FLOUNDER - PACIFIC COAST",4
"CA3",2011,"STARRY FLOUNDER - PACIFIC COAST",4
"OR",2011,"STARRY FLOUNDER - PACIFIC COAST",4
"WA",2011,"STARRY FLOUNDER - PACIFIC COAST",4
"CA1",2006,"VERMILION ROCKFISH - CALIFORNIA",0
"CA2",2006,"VERMILION ROCKFISH - CALIFORNIA",0
"CA3",2006,"VERMILION ROCKFISH - CALIFORNIA",0
"OR",2006,"VERMILION ROCKFISH - CALIFORNIA",
"WA",2006,"VERMILION ROCKFISH - CALIFORNIA",
"CA1",2007,"VERMILION ROCKFISH - CALIFORNIA",0
"CA2",2007,"VERMILION ROCKFISH - CALIFORNIA",0
"CA3",2007,"VERMILION ROCKFISH - CALIFORNIA",0
"OR",2007,"VERMILION ROCKFISH - CALIFORNIA",
"WA",2007,"VERMILION ROCKFISH - CALIFORNIA",
"CA1",2008,"VERMILION ROCKFISH - CALIFORNIA",0
"CA2",2008,"VERMILION ROCKFISH - CALIFORNIA",0
"CA3",2008,"VERMILION ROCKFISH - CALIFORNIA",0
"OR",2008,"VERMILION ROCKFISH - CALIFORNIA",
"WA",2008,"VERMILION ROCKFISH - CALIFORNIA",
"CA1",2009,"VERMILION ROCKFISH - CALIFORNIA",0
"CA2",2009,"VERMILION ROCKFISH - CALIFORNIA",0
"CA3",2009,"VERMILION ROCKFISH - CALIFORNIA",0
"OR",2009,"VERMILION ROCKFISH - CALIFORNIA",
"WA",2009,"VERMILION ROCKFISH - CALIFORNIA",
"CA1",2010,"VERMILION ROCKFISH - CALIFORNIA",0
"CA2",2010,"VERMILION ROCKFISH - CALIFORNIA",0
"CA3",2010,"VERMILION ROCKFISH - CALIFORNIA",0
"OR",2010,"VERMILION ROCKFISH - CALIFORNIA",
"WA",2010,"VERMILION ROCKFISH - CALIFORNIA",
"CA1",2011,"VERMILION ROCKFISH - CALIFORNIA",0
"CA2",2011,"VERMILION ROCKFISH - CALIFORNIA",0
"CA3",2011,"VERMILION ROCKFISH - CALIFORNIA",0
"OR",2011,"VERMILION ROCKFISH - CALIFORNIA",
"WA",2011,"VERMILION ROCKFISH - CALIFORNIA",
"CA1",2006,"WIDOW ROCKFISH - PACIFIC COAST *",3
"CA2",2006,"WIDOW ROCKFISH - PACIFIC COAST *",3
"CA3",2006,"WIDOW ROCKFISH - PACIFIC COAST *",3
"OR",2006,"WIDOW ROCKFISH - PACIFIC COAST *",3
"WA",2006,"WIDOW ROCKFISH - PACIFIC COAST *",3
"CA1",2007,"WIDOW ROCKFISH - PACIFIC COAST *",3
"CA2",2007,"WIDOW ROCKFISH - PACIFIC COAST *",3
"CA3",2007,"WIDOW ROCKFISH - PACIFIC COAST *",3
"OR",2007,"WIDOW ROCKFISH - PACIFIC COAST *",3
"WA",2007,"WIDOW ROCKFISH - PACIFIC COAST *",3
"CA1",2008,"WIDOW ROCKFISH - PACIFIC COAST *",3
"CA2",2008,"WIDOW ROCKFISH - PACIFIC COAST *",3
"CA3",2008,"WIDOW ROCKFISH - PACIFIC COAST *",3
"OR",2008,"WIDOW ROCKFISH - PACIFIC COAST *",3
"WA",2008,"WIDOW ROCKFISH - PACIFIC COAST *",3
"CA1",2009,"WIDOW ROCKFISH - PACIFIC COAST *",3
"CA2",2009,"WIDOW ROCKFISH - PACIFIC COAST *",3
"CA3",2009,"WIDOW ROCKFISH - PACIFIC COAST *",3
"OR",2009,"WIDOW ROCKFISH - PACIFIC COAST *",3
"WA",2009,"WIDOW ROCKFISH - PACIFIC COAST *",3
"CA1",2010,"WIDOW ROCKFISH - PACIFIC COAST *",3
"CA2",2010,"WIDOW ROCKFISH - PACIFIC COAST *",3
"CA3",2010,"WIDOW ROCKFISH - PACIFIC COAST *",3
"OR",2010,"WIDOW ROCKFISH - PACIFIC COAST *",3
"WA",2010,"WIDOW ROCKFISH - PACIFIC COAST *",3
"CA1",2011,"WIDOW ROCKFISH - PACIFIC COAST *",4
"CA2",2011,"WIDOW ROCKFISH - PACIFIC COAST *",4
"CA3",2011,"WIDOW ROCKFISH - PACIFIC COAST *",4
"OR",2011,"WIDOW ROCKFISH - PACIFIC COAST *",4
"WA",2011,"WIDOW ROCKFISH - PACIFIC COAST *",4
"CA1",2006,"YELLOWEYE ROCKFISH - PACIFIC COAST *",2
"CA2",2006,"YELLOWEYE ROCKFISH - PACIFIC COAST *",2
"CA3",2006,"YELLOWEYE ROCKFISH - PACIFIC COAST *",2
"OR",2006,"YELLOWEYE ROCKFISH - PACIFIC COAST *",2
"WA",2006,"YELLOWEYE ROCKFISH - PACIFIC COAST *",2
"CA1",2007,"YELLOWEYE ROCKFISH - PACIFIC COAST *",2
"CA2",2007,"YELLOWEYE ROCKFISH - PACIFIC COAST *",2
"CA3",2007,"YELLOWEYE ROCKFISH - PACIFIC COAST *",2
"OR",2007,"YELLOWEYE ROCKFISH - PACIFIC COAST *",2
"WA",2007,"YELLOWEYE ROCKFISH - PACIFIC COAST *",2
"CA1",2008,"YELLOWEYE ROCKFISH - PACIFIC COAST *",2
"CA2",2008,"YELLOWEYE ROCKFISH - PACIFIC COAST *",2
"CA3",2008,"YELLOWEYE ROCKFISH - PACIFIC COAST *",2
"OR",2008,"YELLOWEYE ROCKFISH - PACIFIC COAST *",2
"WA",2008,"YELLOWEYE ROCKFISH - PACIFIC COAST *",2
"CA1",2009,"YELLOWEYE ROCKFISH - PACIFIC COAST *",2
"CA2",2009,"YELLOWEYE ROCKFISH - PACIFIC COAST *",2
"CA3",2009,"YELLOWEYE ROCKFISH - PACIFIC COAST *",2
"OR",2009,"YELLOWEYE ROCKFISH - PACIFIC COAST *",2
"WA",2009,"YELLOWEYE ROCKFISH - PACIFIC COAST *",2
"CA1",2010,"YELLOWEYE ROCKFISH - PACIFIC COAST *",2
"CA2",2010,"YELLOWEYE ROCKFISH - PACIFIC COAST *",2
"CA3",2010,"YELLOWEYE ROCKFISH - PACIFIC COAST *",2
"OR",2010,"YELLOWEYE ROCKFISH - PACIFIC COAST *",2
"WA",2010,"YELLOWEYE ROCKFISH - PACIFIC COAST *",2
"CA1",2011,"YELLOWEYE ROCKFISH - PACIFIC COAST *",2
"CA2",2011,"YELLOWEYE ROCKFISH - PACIFIC COAST *",2
"CA3",2011,"YELLOWEYE ROCKFISH - PACIFIC COAST *",2
"OR",2011,"YELLOWEYE ROCKFISH - PACIFIC COAST *",2
"WA",2011,"YELLOWEYE ROCKFISH - PACIFIC COAST *",2
"CA1",2006,"YELLOWTAIL ROCKFISH - NORTHERN PACIFIC COAST",4
"CA2",2006,"YELLOWTAIL ROCKFISH - NORTHERN PACIFIC COAST",
"CA3",2006,"YELLOWTAIL ROCKFISH - NORTHERN PACIFIC COAST",
"OR",2006,"YELLOWTAIL ROCKFISH - NORTHERN PACIFIC COAST",4
"WA",2006,"YELLOWTAIL ROCKFISH - NORTHERN PACIFIC COAST",4
"CA1",2007,"YELLOWTAIL ROCKFISH - NORTHERN PACIFIC COAST",4
"CA2",2007,"YELLOWTAIL ROCKFISH - NORTHERN PACIFIC COAST",
"CA3",2007,"YELLOWTAIL ROCKFISH - NORTHERN PACIFIC COAST",
"OR",2007,"YELLOWTAIL ROCKFISH - NORTHERN PACIFIC COAST",4
"WA",2007,"YELLOWTAIL ROCKFISH - NORTHERN PACIFIC COAST",4
"CA1",2008,"YELLOWTAIL ROCKFISH - NORTHERN PACIFIC COAST",4
"CA2",2008,"YELLOWTAIL ROCKFISH - NORTHERN PACIFIC COAST",
"CA3",2008,"YELLOWTAIL ROCKFISH - NORTHERN PACIFIC COAST",
"OR",2008,"YELLOWTAIL ROCKFISH - NORTHERN PACIFIC COAST",4
"WA",2008,"YELLOWTAIL ROCKFISH - NORTHERN PACIFIC COAST",4
"CA1",2009,"YELLOWTAIL ROCKFISH - NORTHERN PACIFIC COAST",4
"CA2",2009,"YELLOWTAIL ROCKFISH - NORTHERN PACIFIC COAST",
"CA3",2009,"YELLOWTAIL ROCKFISH - NORTHERN PACIFIC COAST",
"OR",2009,"YELLOWTAIL ROCKFISH - NORTHERN PACIFIC COAST",4
"WA",2009,"YELLOWTAIL ROCKFISH - NORTHERN PACIFIC COAST",4
"CA1",2010,"YELLOWTAIL ROCKFISH - NORTHERN PACIFIC COAST",4
"CA2",2010,"YELLOWTAIL ROCKFISH - NORTHERN PACIFIC COAST",
"CA3",2010,"YELLOWTAIL ROCKFISH - NORTHERN PACIFIC COAST",
"OR",2010,"YELLOWTAIL ROCKFISH - NORTHERN PACIFIC COAST",4
"WA",2010,"YELLOWTAIL ROCKFISH - NORTHERN PACIFIC COAST",4
"CA1",2011,"YELLOWTAIL ROCKFISH - NORTHERN PACIFIC COAST",4
"CA2",2011,"YELLOWTAIL ROCKFISH - NORTHERN PACIFIC COAST",
"CA3",2011,"YELLOWTAIL ROCKFISH - NORTHERN PACIFIC COAST",
"OR",2011,"YELLOWTAIL ROCKFISH - NORTHERN PACIFIC COAST",4
"WA",2011,"YELLOWTAIL ROCKFISH - NORTHERN PACIFIC COAST",4
"CA1",2006,"SKIPJACK TUNA - EASTERN TROPICAL PACIFIC *",4
"CA2",2006,"SKIPJACK TUNA - EASTERN TROPICAL PACIFIC *",4
"CA3",2006,"SKIPJACK TUNA - EASTERN TROPICAL PACIFIC *",4
"OR",2006,"SKIPJACK TUNA - EASTERN TROPICAL PACIFIC *",4
"WA",2006,"SKIPJACK TUNA - EASTERN TROPICAL PACIFIC *",4
"CA1",2007,"SKIPJACK TUNA - EASTERN TROPICAL PACIFIC *",4
"CA2",2007,"SKIPJACK TUNA - EASTERN TROPICAL PACIFIC *",4
"CA3",2007,"SKIPJACK TUNA - EASTERN TROPICAL PACIFIC *",4
"OR",2007,"SKIPJACK TUNA - EASTERN TROPICAL PACIFIC *",4
"WA",2007,"SKIPJACK TUNA - EASTERN TROPICAL PACIFIC *",4
"CA1",2008,"SKIPJACK TUNA - EASTERN TROPICAL PACIFIC *",4
"CA2",2008,"SKIPJACK TUNA - EASTERN TROPICAL PACIFIC *",4
"CA3",2008,"SKIPJACK TUNA - EASTERN TROPICAL PACIFIC *",4
"OR",2008,"SKIPJACK TUNA - EASTERN TROPICAL PACIFIC *",4
"WA",2008,"SKIPJACK TUNA - EASTERN TROPICAL PACIFIC *",4
"CA1",2009,"SKIPJACK TUNA - EASTERN TROPICAL PACIFIC *",4
"CA2",2009,"SKIPJACK TUNA - EASTERN TROPICAL PACIFIC *",4
"CA3",2009,"SKIPJACK TUNA - EASTERN TROPICAL PACIFIC *",4
"OR",2009,"SKIPJACK TUNA - EASTERN TROPICAL PACIFIC *",4
"WA",2009,"SKIPJACK TUNA - EASTERN TROPICAL PACIFIC *",4
"CA1",2010,"SKIPJACK TUNA - EASTERN TROPICAL PACIFIC *",4
"CA2",2010,"SKIPJACK TUNA - EASTERN TROPICAL PACIFIC *",4
"CA3",2010,"SKIPJACK TUNA - EASTERN TROPICAL PACIFIC *",4
"OR",2010,"SKIPJACK TUNA - EASTERN TROPICAL PACIFIC *",4
"WA",2010,"SKIPJACK TUNA - EASTERN TROPICAL PACIFIC *",4
"CA1",2011,"SKIPJACK TUNA - EASTERN TROPICAL PACIFIC *",4
"CA2",2011,"SKIPJACK TUNA - EASTERN TROPICAL PACIFIC *",4
"CA3",2011,"SKIPJACK TUNA - EASTERN TROPICAL PACIFIC *",4
"OR",2011,"SKIPJACK TUNA - EASTERN TROPICAL PACIFIC *",4
"WA",2011,"SKIPJACK TUNA - EASTERN TROPICAL PACIFIC *",4
"CA1",2006,"STRIPED MARLIN - EASTERN TROPICAL PACIFIC *",4
"CA2",2006,"STRIPED MARLIN - EASTERN TROPICAL PACIFIC *",4
"CA3",2006,"STRIPED MARLIN - EASTERN TROPICAL PACIFIC *",4
"OR",2006,"STRIPED MARLIN - EASTERN TROPICAL PACIFIC *",4
"WA",2006,"STRIPED MARLIN - EASTERN TROPICAL PACIFIC *",4
"CA1",2007,"STRIPED MARLIN - EASTERN TROPICAL PACIFIC *",4
"CA2",2007,"STRIPED MARLIN - EASTERN TROPICAL PACIFIC *",4
"CA3",2007,"STRIPED MARLIN - EASTERN TROPICAL PACIFIC *",4
"OR",2007,"STRIPED MARLIN - EASTERN TROPICAL PACIFIC *",4
"WA",2007,"STRIPED MARLIN - EASTERN TROPICAL PACIFIC *",4
"CA1",2008,"STRIPED MARLIN - EASTERN TROPICAL PACIFIC *",4
"CA2",2008,"STRIPED MARLIN - EASTERN TROPICAL PACIFIC *",4
"CA3",2008,"STRIPED MARLIN - EASTERN TROPICAL PACIFIC *",4
"OR",2008,"STRIPED MARLIN - EASTERN TROPICAL PACIFIC *",4
"WA",2008,"STRIPED MARLIN - EASTERN TROPICAL PACIFIC *",4
"CA1",2009,"STRIPED MARLIN - EASTERN TROPICAL PACIFIC *",4
"CA2",2009,"STRIPED MARLIN - EASTERN TROPICAL PACIFIC *",4
"CA3",2009,"STRIPED MARLIN - EASTERN TROPICAL PACIFIC *",4
"OR",2009,"STRIPED MARLIN - EASTERN TROPICAL PACIFIC *",4
"WA",2009,"STRIPED MARLIN - EASTERN TROPICAL PACIFIC *",4
"CA1",2010,"STRIPED MARLIN - EASTERN TROPICAL PACIFIC *",4
"CA2",2010,"STRIPED MARLIN - EASTERN TROPICAL PACIFIC *",4
"CA3",2010,"STRIPED MARLIN - EASTERN TROPICAL PACIFIC *",4
"OR",2010,"STRIPED MARLIN - EASTERN TROPICAL PACIFIC *",4
"WA",2010,"STRIPED MARLIN - EASTERN TROPICAL PACIFIC *",4
"CA1",2011,"STRIPED MARLIN - EASTERN TROPICAL PACIFIC *",4
"CA2",2011,"STRIPED MARLIN - EASTERN TROPICAL PACIFIC *",4
"CA3",2011,"STRIPED MARLIN - EASTERN TROPICAL PACIFIC *",4
"OR",2011,"STRIPED MARLIN - EASTERN TROPICAL PACIFIC *",4
"WA",2011,"STRIPED MARLIN - EASTERN TROPICAL PACIFIC *",4
"CA1",2006,"YELLOWFIN TUNA - EASTERN TROPICAL PACIFIC",3
"CA2",2006,"YELLOWFIN TUNA - EASTERN TROPICAL PACIFIC",3
"CA3",2006,"YELLOWFIN TUNA - EASTERN TROPICAL PACIFIC",3
"OR",2006,"YELLOWFIN TUNA - EASTERN TROPICAL PACIFIC",3
"WA",2006,"YELLOWFIN TUNA - EASTERN TROPICAL PACIFIC",3
"CA1",2007,"YELLOWFIN TUNA - EASTERN TROPICAL PACIFIC",3
"CA2",2007,"YELLOWFIN TUNA - EASTERN TROPICAL PACIFIC",3
"CA3",2007,"YELLOWFIN TUNA - EASTERN TROPICAL PACIFIC",3
"OR",2007,"YELLOWFIN TUNA - EASTERN TROPICAL PACIFIC",3
"WA",2007,"YELLOWFIN TUNA - EASTERN TROPICAL PACIFIC",3
"CA1",2008,"YELLOWFIN TUNA - EASTERN TROPICAL PACIFIC",3
"CA2",2008,"YELLOWFIN TUNA - EASTERN TROPICAL PACIFIC",3
"CA3",2008,"YELLOWFIN TUNA - EASTERN TROPICAL PACIFIC",3
"OR",2008,"YELLOWFIN TUNA - EASTERN TROPICAL PACIFIC",3
"WA",2008,"YELLOWFIN TUNA - EASTERN TROPICAL PACIFIC",3
"CA1",2009,"YELLOWFIN TUNA - EASTERN TROPICAL PACIFIC",3
"CA2",2009,"YELLOWFIN TUNA - EASTERN TROPICAL PACIFIC",3
"CA3",2009,"YELLOWFIN TUNA - EASTERN TROPICAL PACIFIC",3
"OR",2009,"YELLOWFIN TUNA - EASTERN TROPICAL PACIFIC",3
"WA",2009,"YELLOWFIN TUNA - EASTERN TROPICAL PACIFIC",3
"CA1",2010,"YELLOWFIN TUNA - EASTERN TROPICAL PACIFIC",3
"CA2",2010,"YELLOWFIN TUNA - EASTERN TROPICAL PACIFIC",3
"CA3",2010,"YELLOWFIN TUNA - EASTERN TROPICAL PACIFIC",3
"OR",2010,"YELLOWFIN TUNA - EASTERN TROPICAL PACIFIC",3
"WA",2010,"YELLOWFIN TUNA - EASTERN TROPICAL PACIFIC",3
"CA1",2011,"YELLOWFIN TUNA - EASTERN TROPICAL PACIFIC",4
"CA2",2011,"YELLOWFIN TUNA - EASTERN TROPICAL PACIFIC",4
"CA3",2011,"YELLOWFIN TUNA - EASTERN TROPICAL PACIFIC",4
"OR",2011,"YELLOWFIN TUNA - EASTERN TROPICAL PACIFIC",4
"WA",2011,"YELLOWFIN TUNA - EASTERN TROPICAL PACIFIC",4
"CA1",2006,"ALBACORE - NORTH PACIFIC *",0
"CA2",2006,"ALBACORE - NORTH PACIFIC *",0
"CA3",2006,"ALBACORE - NORTH PACIFIC *",0
"OR",2006,"ALBACORE - NORTH PACIFIC *",0
"WA",2006,"ALBACORE - NORTH PACIFIC *",0
"CA1",2007,"ALBACORE - NORTH PACIFIC *",0
"CA2",2007,"ALBACORE - NORTH PACIFIC *",0
"CA3",2007,"ALBACORE - NORTH PACIFIC *",0
"OR",2007,"ALBACORE - NORTH PACIFIC *",0
"WA",2007,"ALBACORE - NORTH PACIFIC *",0
"CA1",2008,"ALBACORE - NORTH PACIFIC *",0
"CA2",2008,"ALBACORE - NORTH PACIFIC *",0
"CA3",2008,"ALBACORE - NORTH PACIFIC *",0
"OR",2008,"ALBACORE - NORTH PACIFIC *",0
"WA",2008,"ALBACORE - NORTH PACIFIC *",0
"CA1",2009,"ALBACORE - NORTH PACIFIC *",0
"CA2",2009,"ALBACORE - NORTH PACIFIC *",0
"CA3",2009,"ALBACORE - NORTH PACIFIC *",0
"OR",2009,"ALBACORE - NORTH PACIFIC *",0
"WA",2009,"ALBACORE - NORTH PACIFIC *",0
"CA1",2010,"ALBACORE - NORTH PACIFIC *",0
"CA2",2010,"ALBACORE - NORTH PACIFIC *",0
"CA3",2010,"ALBACORE - NORTH PACIFIC *",0
"OR",2010,"ALBACORE - NORTH PACIFIC *",0
"WA",2010,"ALBACORE - NORTH PACIFIC *",0
"CA1",2011,"ALBACORE - NORTH PACIFIC *",0
"CA2",2011,"ALBACORE - NORTH PACIFIC *",0
"CA3",2011,"ALBACORE - NORTH PACIFIC *",0
"OR",2011,"ALBACORE - NORTH PACIFIC *",0
"WA",2011,"ALBACORE - NORTH PACIFIC *",0
"CA1",2006,"BIGEYE TUNA - PACIFIC",2
"CA2",2006,"BIGEYE TUNA - PACIFIC",2
"CA3",2006,"BIGEYE TUNA - PACIFIC",2
"OR",2006,"BIGEYE TUNA - PACIFIC",2
"WA",2006,"BIGEYE TUNA - PACIFIC",2
"CA1",2007,"BIGEYE TUNA - PACIFIC",2
"CA2",2007,"BIGEYE TUNA - PACIFIC",2
"CA3",2007,"BIGEYE TUNA - PACIFIC",2
"OR",2007,"BIGEYE TUNA - PACIFIC",2
"WA",2007,"BIGEYE TUNA - PACIFIC",2
"CA1",2008,"BIGEYE TUNA - PACIFIC",2
"CA2",2008,"BIGEYE TUNA - PACIFIC",2
"CA3",2008,"BIGEYE TUNA - PACIFIC",2
"OR",2008,"BIGEYE TUNA - PACIFIC",2
"WA",2008,"BIGEYE TUNA - PACIFIC",2
"CA1",2009,"BIGEYE TUNA - PACIFIC",2
"CA2",2009,"BIGEYE TUNA - PACIFIC",2
"CA3",2009,"BIGEYE TUNA - PACIFIC",2
"OR",2009,"BIGEYE TUNA - PACIFIC",2
"WA",2009,"BIGEYE TUNA - PACIFIC",2
"CA1",2010,"BIGEYE TUNA - PACIFIC",2
"CA2",2010,"BIGEYE TUNA - PACIFIC",2
"CA3",2010,"BIGEYE TUNA - PACIFIC",2
"OR",2010,"BIGEYE TUNA - PACIFIC",2
"WA",2010,"BIGEYE TUNA - PACIFIC",2
"CA1",2011,"BIGEYE TUNA - PACIFIC",3
"CA2",2011,"BIGEYE TUNA - PACIFIC",3
"CA3",2011,"BIGEYE TUNA - PACIFIC",3
"OR",2011,"BIGEYE TUNA - PACIFIC",3
"WA",2011,"BIGEYE TUNA - PACIFIC",3
"CA1",2006,"BLUE SHARK - PACIFIC",4
"CA2",2006,"BLUE SHARK - PACIFIC",4
"CA3",2006,"BLUE SHARK - PACIFIC",4
"OR",2006,"BLUE SHARK - PACIFIC",4
"WA",2006,"BLUE SHARK - PACIFIC",4
"CA1",2007,"BLUE SHARK - PACIFIC",4
"CA2",2007,"BLUE SHARK - PACIFIC",4
"CA3",2007,"BLUE SHARK - PACIFIC",4
"OR",2007,"BLUE SHARK - PACIFIC",4
"WA",2007,"BLUE SHARK - PACIFIC",4
"CA1",2008,"BLUE SHARK - PACIFIC",4
"CA2",2008,"BLUE SHARK - PACIFIC",4
"CA3",2008,"BLUE SHARK - PACIFIC",4
"OR",2008,"BLUE SHARK - PACIFIC",4
"WA",2008,"BLUE SHARK - PACIFIC",4
"CA1",2009,"BLUE SHARK - PACIFIC",4
"CA2",2009,"BLUE SHARK - PACIFIC",4
"CA3",2009,"BLUE SHARK - PACIFIC",4
"OR",2009,"BLUE SHARK - PACIFIC",4
"WA",2009,"BLUE SHARK - PACIFIC",4
"CA1",2010,"BLUE SHARK - PACIFIC",4
"CA2",2010,"BLUE SHARK - PACIFIC",4
"CA3",2010,"BLUE SHARK - PACIFIC",4
"OR",2010,"BLUE SHARK - PACIFIC",4
"WA",2010,"BLUE SHARK - PACIFIC",4
"CA1",2011,"BLUE SHARK - PACIFIC",4
"CA2",2011,"BLUE SHARK - PACIFIC",4
"CA3",2011,"BLUE SHARK - PACIFIC",4
"OR",2011,"BLUE SHARK - PACIFIC",4
"WA",2011,"BLUE SHARK - PACIFIC",4
"CA1",2006,"DOLPHINFISH - PACIFIC",0
"CA2",2006,"DOLPHINFISH - PACIFIC",0
"CA3",2006,"DOLPHINFISH - PACIFIC",0
"OR",2006,"DOLPHINFISH - PACIFIC",0
"WA",2006,"DOLPHINFISH - PACIFIC",0
"CA1",2007,"DOLPHINFISH - PACIFIC",0
"CA2",2007,"DOLPHINFISH - PACIFIC",0
"CA3",2007,"DOLPHINFISH - PACIFIC",0
"OR",2007,"DOLPHINFISH - PACIFIC",0
"WA",2007,"DOLPHINFISH - PACIFIC",0
"CA1",2008,"DOLPHINFISH - PACIFIC",0
"CA2",2008,"DOLPHINFISH - PACIFIC",0
"CA3",2008,"DOLPHINFISH - PACIFIC",0
"OR",2008,"DOLPHINFISH - PACIFIC",0
"WA",2008,"DOLPHINFISH - PACIFIC",0
"CA1",2009,"DOLPHINFISH - PACIFIC",0
"CA2",2009,"DOLPHINFISH - PACIFIC",0
"CA3",2009,"DOLPHINFISH - PACIFIC",0
"OR",2009,"DOLPHINFISH - PACIFIC",0
"WA",2009,"DOLPHINFISH - PACIFIC",0
"CA1",2010,"DOLPHINFISH - PACIFIC",0
"CA2",2010,"DOLPHINFISH - PACIFIC",0
"CA3",2010,"DOLPHINFISH - PACIFIC",0
"OR",2010,"DOLPHINFISH - PACIFIC",0
"WA",2010,"DOLPHINFISH - PACIFIC",0
"CA1",2011,"DOLPHINFISH - PACIFIC",0
"CA2",2011,"DOLPHINFISH - PACIFIC",0
"CA3",2011,"DOLPHINFISH - PACIFIC",0
"OR",2011,"DOLPHINFISH - PACIFIC",0
"WA",2011,"DOLPHINFISH - PACIFIC",0
"CA1",2006,"PACIFIC BLUEFIN TUNA - PACIFIC",0
"CA2",2006,"PACIFIC BLUEFIN TUNA - PACIFIC",0
"CA3",2006,"PACIFIC BLUEFIN TUNA - PACIFIC",0
"OR",2006,"PACIFIC BLUEFIN TUNA - PACIFIC",0
"WA",2006,"PACIFIC BLUEFIN TUNA - PACIFIC",0
"CA1",2007,"PACIFIC BLUEFIN TUNA - PACIFIC",0
"CA2",2007,"PACIFIC BLUEFIN TUNA - PACIFIC",0
"CA3",2007,"PACIFIC BLUEFIN TUNA - PACIFIC",0
"OR",2007,"PACIFIC BLUEFIN TUNA - PACIFIC",0
"WA",2007,"PACIFIC BLUEFIN TUNA - PACIFIC",0
"CA1",2008,"PACIFIC BLUEFIN TUNA - PACIFIC",0
"CA2",2008,"PACIFIC BLUEFIN TUNA - PACIFIC",0
"CA3",2008,"PACIFIC BLUEFIN TUNA - PACIFIC",0
"OR",2008,"PACIFIC BLUEFIN TUNA - PACIFIC",0
"WA",2008,"PACIFIC BLUEFIN TUNA - PACIFIC",0
"CA1",2009,"PACIFIC BLUEFIN TUNA - PACIFIC",0
"CA2",2009,"PACIFIC BLUEFIN TUNA - PACIFIC",0
"CA3",2009,"PACIFIC BLUEFIN TUNA - PACIFIC",0
"OR",2009,"PACIFIC BLUEFIN TUNA - PACIFIC",0
"WA",2009,"PACIFIC BLUEFIN TUNA - PACIFIC",0
"CA1",2010,"PACIFIC BLUEFIN TUNA - PACIFIC",3
"CA2",2010,"PACIFIC BLUEFIN TUNA - PACIFIC",3
"CA3",2010,"PACIFIC BLUEFIN TUNA - PACIFIC",3
"OR",2010,"PACIFIC BLUEFIN TUNA - PACIFIC",3
"WA",2010,"PACIFIC BLUEFIN TUNA - PACIFIC",3
"CA1",2011,"PACIFIC BLUEFIN TUNA - PACIFIC",3
"CA2",2011,"PACIFIC BLUEFIN TUNA - PACIFIC",3
"CA3",2011,"PACIFIC BLUEFIN TUNA - PACIFIC",3
"OR",2011,"PACIFIC BLUEFIN TUNA - PACIFIC",3
"WA",2011,"PACIFIC BLUEFIN TUNA - PACIFIC",3
"CA1",2006,"SWORDFISH - NORTH PACIFIC",4
"CA2",2006,"SWORDFISH - NORTH PACIFIC",4
"CA3",2006,"SWORDFISH - NORTH PACIFIC",4
"OR",2006,"SWORDFISH - NORTH PACIFIC",4
"WA",2006,"SWORDFISH - NORTH PACIFIC",4
"CA1",2007,"SWORDFISH - NORTH PACIFIC",4
"CA2",2007,"SWORDFISH - NORTH PACIFIC",4
"CA3",2007,"SWORDFISH - NORTH PACIFIC",4
"OR",2007,"SWORDFISH - NORTH PACIFIC",4
"WA",2007,"SWORDFISH - NORTH PACIFIC",4
"CA1",2008,"SWORDFISH - NORTH PACIFIC",4
"CA2",2008,"SWORDFISH - NORTH PACIFIC",4
"CA3",2008,"SWORDFISH - NORTH PACIFIC",4
"OR",2008,"SWORDFISH - NORTH PACIFIC",4
"WA",2008,"SWORDFISH - NORTH PACIFIC",4
"CA1",2009,"SWORDFISH - NORTH PACIFIC",4
"CA2",2009,"SWORDFISH - NORTH PACIFIC",4
"CA3",2009,"SWORDFISH - NORTH PACIFIC",4
"OR",2009,"SWORDFISH - NORTH PACIFIC",4
"WA",2009,"SWORDFISH - NORTH PACIFIC",4
"CA1",2010,"SWORDFISH - NORTH PACIFIC",4
"CA2",2010,"SWORDFISH - NORTH PACIFIC",4
"CA3",2010,"SWORDFISH - NORTH PACIFIC",4
"OR",2010,"SWORDFISH - NORTH PACIFIC",4
"WA",2010,"SWORDFISH - NORTH PACIFIC",4
"CA1",2011,"SWORDFISH - NORTH PACIFIC",4
"CA2",2011,"SWORDFISH - NORTH PACIFIC",4
"CA3",2011,"SWORDFISH - NORTH PACIFIC",4
"OR",2011,"SWORDFISH - NORTH PACIFIC",4
"WA",2011,"SWORDFISH - NORTH PACIFIC",4
